name,latitude,longitude,color,family,subgroup,country
!Xoon [nmn],-24,21.5,#A56175,Tuu,!Kwi,Botswana
/Xam [xam],-30.34,21.82,#967F86,Tuu,!Kwi,South Africa
||Ana [xxx-2],-22.2,22.4,#55904C,Khoe,Khoe,Botswana
||Ani [hnh],-19.3,22.5,#536C4A,Khoe,Khoe,Botswana
||Gana [gnk],-19,22.5,#439950,Khoe,Khoe,Botswana
Aari [aiw],6,36.6,#5559AC,Afro-Asiatic,Omotic,Ethiopia
Abau [aau],-4,141.167,#4C3D73,Sepik,Abau,Papua New Guinea
Abipon [axb],-26,-61,#A6B271,Guaicuruan,Southern,Argentina
Abkhaz [abk],43,41.03,#3E7C8A,North-west Caucasus,Abaza-Abkhaz,Georgia
Abma [app],-15.75,168.083,#917673,Oceanic,Southern Oceanic,Vanuatu
Abui [abz],-8.417,124.6,#70427F,Timor-Alor-Pantar,Alor-Pantar,Indonesia
Abun [kgr],-0.833,132,#A7456E,West Papuan,Birds Head,Indonesia
Acehnese [ace],5.333,96.167,#AE9890,Malayo-Polynesian,Malayo-Sumbawan,Indonesia
Achuar [acu],-3,-76,#3D72A6,Jivaroan,,Peru
Achumawi [acv],41.5,-121,#9BC176,Palaihnihan,,USA
Adyghe [ady],44.1,39.08,#3E6F9B,North-west Caucasus,Circassian,Russia
Adynyamathanha [adt],-31,139.5,#539A7D,Pama-Nyungan,Yura,Australia
Adzera [azr],-6.417,146.25,#A84248,Oceanic,Western Oceanic,Papua New Guinea
Agarabi [agd],-6.25,145.917,#2EA27F,Trans New Guinea,Kainantu,Papua New Guinea
Aghem [agq],6.39,10.12,#C35464,Niger-Kongo,Bantoid,Cameroon
Agta [agt],17.967,121.833,#C2D67C,Malayo-Polynesian,Philippines,Philippines
Aguaruna [agr],-5.25,-78,#51677D,Jivaroan,,Peru
Agutaynen [agn],11.15,120.95,#C6D07C,Malayo-Polynesian,Philippines,Philippines
Ai-cham_Diwo [aih],25.8,107,#C36277,Tai-Kadai,South,China
Ainu [ain],43.5,142,#439966,Ainu,,Japan
Aka [hru],27.2,92.9,#3C6B6A,Tibeto-Burman,Hrusish,India
Akan [aka],6.5,-1.25,#8F4987,Niger-Kongo,Kwa,Ghana
Akha [ahk],20.3,99.6,#635B8A,Tibeto-Burman,Lolo-Burmese,Thailand
Akkadian [akk],33.1,44,#98989C,Afro-Asiatic,Semitic,Iraq
Alaala [nrz],-9,146.667,#AD6B94,Oceanic,Western Oceanic,Papua New Guinea
Alabama [akz],32.7,-86.1,#6950BC,Muskogean,Eastern,USA
Alamblak [amp],-4.667,143.25,#469D90,Sepik,Sepik Hill,Papua New Guinea
Alawa [alh],-15.75,134.333,#7DBC91,Mara-Warndarang-Alawa,,Australia
Albanian Tosk [als],40.5,20,#B8A774,Indo-European,Albanian,Albania
Aleut [ale],54,-166,#4B8485,Eskimo-Aleut,Aleut,USA
Alsea [aes],44.67,-123.93,#9AEC80,Alsean,,USA
Alune [alp],-3.167,128.333,#AE4466,Malayo-Polynesian,Central Maluku,Indonesia
Alyawarr [aly],-24.6,134.5,#7752A4,Pama-Nyungan,Arandic,Australia
Amahuaca [amc],-10.8,-73.5,#557AA1,Panoan,Main,Peru
Amanab [amn],-3.5,141.167,#567690,Trans New Guinea,Border,Papua New Guinea
Amara [aie],-5.533,148.667,#BA4D77,Oceanic,Western Oceanic,Papua New Guinea
Amarasi [aaz],-10.08,124.33,#B45467,Malayo-Polynesian,Timoric,Indonesia
Ambae_West [omb],-15.5,167.75,#B7537A,Oceanic,Southern Oceanic,Vanuatu
Ambai [amk],-1.917,136.733,#AC3B5C,Malayo-Polynesian,Eastern Malayo-Polynesian,Indonesia
Ambonese Malay [abs],-3.7,128.2,#AA9973,Malayo-Polynesian,Malayo-Sumbawan,Indonesia
Ambulas [abt],-3.75,143.083,#36898B,Sepik,Ndu,Papua New Guinea
Amdo [adx],36,94,#56559E,Tibeto-Burman,Bodic,China
Amele [aey],-5.25,145.75,#755297,Trans New Guinea,Madang,Papua New Guinea
Amharic [amh],10,38,#38945A,Afro-Asiatic,Semitic,Ethiopia
Amis [ami],23.333,121.333,#B5E384,Austronesian,East Formosan,Taiwan
Amo [amo],10.33,8.67,#BA526D,Niger-Kongo,Kainji,Nigeria
Amoy [nan],24.5,118,#7BAB51,Tibeto-Burman,Sinitic,China
Amuesha [ame],-10,-73,#6DC26A,Arawak,South-Southwest,Peru
Anamuxra [imi],-4.667,145,#6453A9,Trans New Guinea,Madang,Papua New Guinea
Anejom [aty],-20.25,169.833,#D28393,Oceanic,Southern Oceanic,Vanuatu
Anem [anz],-5.667,149,#A73A5E,Anem,,Papua New Guinea
Angami [njm],25.667,94.5,#70387B,Tibeto-Burman,Kuki-Chin-Naga,India
Angas [anc],9.75,8.75,#B83D56,Afro-Asiatic,Chadic,Nigeria
Anggor [agg],-3.667,141.167,#6554AD,Trans New Guinea,Border,Papua New Guinea
Anguthimri [xxx-3],-12.333,141.833,#5773BC,Pama-Nyungan,North Cape York,Australia
Anindilyagwa [aoi],-14,136.5,#83C47F,Anindilyagwa,,Australia
Anong [nun],27.2,98.8,#5E5888,Tibeto-Burman,Nungish,China
Ao [njo],27,95,#544E90,Tibeto-Burman,Kuki-Chin-Naga,India
Apalai [apy],0,-54,#668BA9,Cariban,Apalai,Brazil
Apatani [apt],27.4,93.8,#557083,Tibeto-Burman,Tani,India
Apinaye [apn],-6.25,-48,#65699C,Macro-Je,Je,Brazil
Apurinã [apu],-9,-67,#80A2AE,Arawak,South-Southwest,Brazil
Arabana [ard],-28,137,#51A496,Pama-Nyungan,Karnic,Australia
Arabic [arb],30,42,#CBC592,Afro-Asiatic,Semitic,Saudi Arabia
Arabic_Abha [acw-4],18.22,42.51,#C1B58E,Afro-Asiatic,Semitic,Saudi Arabia
Arabic_Afghanistan [acm-3],36.7,67.12,#6F969C,Afro-Asiatic,Semitic,Afghanistan
Arabic_Basra [acm],30.5,47.825,#AB986F,Afro-Asiatic,Semitic,Iraq
Arabic_Bukhara [abh],39.77,64.43,#549C7B,Afro-Asiatic,Semitic,Uzbekistan
Arabic_Egyptian [arz],30,30,#C17B73,Afro-Asiatic,Semitic,Egypt
Arabic_Gulf [afb],24,54,#AD947F,Afro-Asiatic,Semitic,United Arab Emirates
Arabic_Harb [acw-5],25.81,42.87,#C7B289,Afro-Asiatic,Semitic,Saudi Arabia
Arabic_Khuzestan [acm-2],31.33,48.69,#CBC592,Afro-Asiatic,Semitic,Iran
Arabic_Moroccan [ary],34,-7,#CCAD6C,Afro-Asiatic,Semitic,Morocco
Arabic_Sudanese [apd],15.5,32.56,#CC8D8A,Afro-Asiatic,Semitic,Sudan
Arabic_Syrian [apc],33,37,#C3AA7A,Afro-Asiatic,Semitic,Syria
Arabic_Tunisian [aeb],36,10,#D2ADA3,Afro-Asiatic,Semitic,Tunisia
Arandai [jbj],-2.17,133,#5A4D92,Trans New Guinea,South Birds Head,Indonesia
Araona  [aro],-12.333,-67.75,#5883A1,Tacanan,Araona-Tacana,Bolivia
Arawak [arw],-8,-37.3,#6C9752,Arawak,North,Brazil
Archi [aqc],42.07,46.86,#30947C,Nakh-Daghestanian,Lezgic,Russia
Arguni [agf],-2.667,132.5,#A44462,Malayo-Polynesian,Eastern Malayo-Polynesian,Indonesia
Arizona Tewa [tew],35.8,-110.4,#218877,Kiowa-Tanoan,Tewa-Tiwa,USA
Armenian [hye],40,45,#59B774,Indo-European,Armenian,Armenia
Arop-Lokep [apr],-5.333,147.083,#9E4272,Oceanic,Western Oceanic,Papua New Guinea
Arosi [aia],-10.333,161.5,#B57C67,Oceanic,Southeast Solomonic,Solomons
Arrernte_Central [are],-22.85,133.7,#7C4DAB,Pama-Nyungan,Arandic,Australia
Arrernte_Mparntwe [aer],-24,136,#7357A0,Pama-Nyungan,Arandic,Australia
Asheninka_Apurucayali [cpc],-10.018,-74.793,#93A08F,Arawak,South-Southwest,Peru
Asmat [asc],-5.167,138.5,#574969,Trans New Guinea,Asmat-Kamoro,Indonesia
Assamese [asm],26.5,93,#45966C,Indo-European,Indo-Iranian,India
Ata [ata],-5.667,151,#B14C8C,Ata,,Papua New Guinea
Atakapa [aqp],30,-93,#4C5A91,Atakapa,,USA
Atayal [tay],24.5,121,#BCBA6A,Austronesian,Atayalic,Taiwan
Athpare [aph],26.75,87.33,#399A6F,Tibeto-Burman,Kiranti,Nepal
Atong [aot],25.5,90.5,#419177,Tibeto-Burman,Bodo-Garo,India
Atsugewi [atw],40.75,-121,#68D58A,Palaihnihan,,USA
Au [avt],-3.5,142.083,#B94D7B,Torricelli,Central,Papua New Guinea
Avar [ava],42.54,46.7,#358648,Nakh-Daghestanian,Avar-Andi,Russia
Awa [awb],-6.75,145.667,#38AE78,Trans New Guinea,Kainantu,Papua New Guinea
Awa Pit [kwi],0.75,-78.5,#419552,Barbacoan,Northern,Ecuador
Awar [aya],-4,144.625,#3A6A86,Lower Sepik-Ramu,Ramu,Papua New Guinea
Awtuw [kmn],-3.5,141.917,#565B8D,Sepik,Ram,Papua New Guinea
Aymara [ayr],-16,-69.5,#40A165,Aymaran,,Peru
Azerbaijani [azj],40.5,48.5,#369550,Turkic,South-west,Azerbaijan
Azeri [azb],40.67,47.75,#319C71,Turkic,South-west,Azerbaijan
Baagandji [drl],-32,142.533,#6BBEA8,Pama-Nyungan,Baagandji,Australia
Babungo [bav],6.12,10.42,#B56359,Niger-Kongo,Bantoid,Cameroon
Badimaya [bia],-27.667,120,#5D9FC0,Pama-Nyungan,Kardu,Australia
Bafut [bfd],6.083,10.0999,#C26290,Niger-Kongo,Bantoid,Cameroon
Bagirmi [bmi],10.2,17,#B73747,Nilo-Saharan,Central_Sudanic,Chad
Bagri [bgq],29.6,74.3,#4F9F8A,Indo-European,Indo-Iranian,India
Bahing [bhj],27.27,86.56,#389A6C,Tibeto-Burman,Kiranti,Nepal
Bahnar [bdq],14,108.5,#B77F6E,Austroasiatic,Bahnaric,Vietnam
Bai [bca],26,100,#797A79,Tibeto-Burman,Bai,China
Bajau_Semporna [ssb],4.5,118.5,#DC8F93,Malayo-Polynesian,Barito,Indonesia
Balangao [blw],17.167,120.333,#B5E074,Malayo-Polynesian,Philippines,Philippines
Balanta [ble],12,-15,#BE5E78,Niger-Kongo,Atlantic,Guinea Bissau
Balantak [blz],-0.82,123.431,#C5749A,Malayo-Polynesian,Celebic,Indonesia
Bali-Vitu [wiv],-4.733,149.283,#D07583,Oceanic,Western Oceanic,Papua New Guinea
Balinese [ban],-8.583,115.25,#CB9379,Malayo-Polynesian,Malayo-Sumbawan,Indonesia
Balochi [bgp-2],27,63.5,#439477,Indo-European,Indo-Iranian,Pakistan
Balti [bft],35.2,76,#3B7B7A,Tibeto-Burman,Bodic,Pakistan
Baluchi [bgp],28,62,#3E945E,Indo-European,Indo-Iranian,Iran
Bambara [bam],12.5,-7.5,#72739C,Mande,Western,Mali
Banda [bnd],-5.25,133.17,#A4576A,Malayo-Polynesian,Central Maluku,Indonesia
Banggai [bgz],-1.42,123.17,#C5988D,Malayo-Polynesian,Celebic,Indonesia
Banggime [dbb],14.78,-3.76,#6A53AE,Banggime,,Mali
Banjar [bjn],-2.5,115.5,#C0A771,Malayo-Polynesian,Malayo-Sumbawan,Indonesia
Bankariya [cdm-2],27.5,85,#4A816D,Tibeto-Burman,Chepang,Nepal
Banoni [bcm],-6.417,155.25,#B5778C,Oceanic,Western Oceanic,Papua New Guinea
Bantawa [bap],27.2,87.1,#2D9572,Tibeto-Burman,Kiranti,Nepal
Baoan [peh],35.5,102,#507AAD,Mongolic,Eastern,China
Barai [bbb],-9.417,148,#6C5FBB,Trans New Guinea,Koiari,Papua New Guinea
Baram [brd],27.95,85,#329063,Tibeto-Burman,Western Himalayan,Nepal
Barang-barang [lji],-6.4,120.5,#BF918C,Malayo-Polynesian,Greater South Sulawesi,Indonesia
Barasano [bsn],-0.25,-70.75,#48AC9A,Tucanoan,East,Colombia
Bardi [bcj],-16.58,122.92,#6F905D,Nyulnyul,West,Australia
Bari [bfa],3.8,31,#B67A89,Nilo-Saharan,East_Sudanic,South Sudan
Barí [mot],9,-73.5,#87A79D,Chibchan,East,Venezuela
Barupu [wra],-3.083,142.083,#865BA6,Skou,East,Papua New Guinea
Baruya [byr],-6.917,145.833,#643BB0,Trans New Guinea,Angan,Papua New Guinea
Basaa [bas],5,10.15,#C8477B,Niger-Kongo,Bantoid,Cameroon
Bashkir [bak],53,58,#3A995D,Turkic,North-west,Russia
Basque [eus],43.2,-3,#5E7A83,Basque,,Spain
Batuley [bay],-5.8,134.75,#AF6A6E,Malayo-Polynesian,Southeast Maluku,Indonesia
Baule [bci],7.5,-5,#8C3379,Niger-Kongo,Kwa,Côte d'Ivoire
Baure [brg],-15,-64,#C6D09F,Arawak,South-Southwest,Bolivia
Bauzi [bvz],-2.5,137.667,#3B4E60,Geelvink Bay,,Indonesia
Bawm [bgr],22.5,92.25,#63376F,Tibeto-Burman,Kuki-Chin-Naga,India
Begak [dbj-2],5.25,118.833,#C48E6B,Malayo-Polynesian,North Borneo,Malaysia
Beja [bej],18,36,#289189,Afro-Asiatic,Cushitic,Sudan
Belarussian [bel],54,27,#90BD6A,Indo-European,Balto-Slavic,Belarus
Belhare [byw],27,87.25,#338F56,Tibeto-Burman,Kiranti,Nepal
Bella Coola [blc],52.5,-126.67,#C1C09F,Salish,Bella Coola,Canada
Bemba [bem],-11,31,#B65385,Niger-Kongo,Bantoid,Zambia
Bembe [bmb],-4,14,#A0546B,Niger-Kongo,Bantoid,Democratic Republic of the Congo
Bende [bdp],-6,30.5,#AE507A,Niger-Kongo,Bantoid,Tanzania
Bengali [ben],22.5,90,#338058,Indo-European,Indo-Iranian,Bangladesh
Berik [bkl],-2.25,138.92,#8A4D9C,Trans New Guinea,Tor,Indonesia
Berta [wti],10.67,34.5,#B43D78,Nilo-Saharan,Berta,Ethiopia
Betta_Kurumba [xub],11.58,76.55,#319874,Dravidian,South,India
Bhojpuri [bho],26.8,85.3,#4BA76C,Indo-European,Indo-Iranian,India
Biak [bhw],-1,136,#AA3357,Malayo-Polynesian,Eastern Malayo-Polynesian,Indonesia
Bih [rad-2],12.48,108.025,#C3805A,Malayo-Polynesian,Malayo-Sumbawan,Vietnam
Bijago [bjg],11.28,-15.83,#A85887,Niger-Kongo,Atlantic,Guinea Bissau
Bikol [bcl],13.333,123.5,#B6BC8B,Malayo-Polynesian,Philippines,Philippines
Biloxi [bll],32.25,-90,#5B3569,Siouan,Western,USA
Bilua [blb],-7.75,156.667,#76C482,Solomons East Papuan,,Solomons
Binandere [bhg],-8.167,147.917,#53489E,Trans New Guinea,Binanderean,Papua New Guinea
Bini [bin],6.42,5.83,#C8698F,Niger-Kongo,Edoid,Nigeria
Bininj Gun-Wok [gup],-12.5,133.75,#76B18D,Gunwinyku,Marne,Australia
Biri [bzr],-20.5,146.5,#7A9960,Pama-Nyungan,GreaterMari,Australia
Birom [bom],9.67,8.83,#B73747,Niger-Kongo,Platoid,Nigeria
Blackfoot [bla],50,-112.67,#7AB09E,Algic,Algonquian,Canada
Blang [blr],23.3,100,#C06E69,Austroasiatic,Palaungic,China
Boazi [kvg],-7,141.25,#554291,Marind,,Papua New Guinea
Bobangi [bni],0,17.8,#C6567D,Niger-Kongo,Bantoid,Democratic Republic of the Congo
Bobongko [bgb],-0.5,121.75,#B77389,Malayo-Polynesian,Celebic,Indonesia
Bokar [adi-2],29,94.35,#596D99,Tibeto-Burman,Tani,India
Bongo [bot],7.5,28,#958144,Nilo-Saharan,Central_Sudanic,Sudan
Bontok [bnc],17.083,120.917,#C4C976,Malayo-Polynesian,Philippines,Philippines
Boro [brx],26.75,92,#337484,Tibeto-Burman,Bodo-Garo,India
Bouyei_west [pcc-2],25.75,107.333,#AB8077,Tai-Kadai,North,China
Brag-g.yab [khg-2],30.65,97.55,#369476,Tibeto-Burman,Bodic,China
Brahui [brh],29,67,#3F7E67,Dravidian,North,Pakistan
Brao [brb],14,107,#BE6373,Austroasiatic,Bahnaric,Vietnam
Breton [bre],48,-3.5,#D5BA96,Indo-European,Celtic,France
Bribri [bzd],9.5,-83,#7566B3,Chibchan,West,Costa Rica
Brokpa [sgt],27.33,92,#53596F,Tibeto-Burman,Bodic,Bhutan
Buduma [bdm],13.6,14,#AE3454,Afro-Asiatic,Chadic,Chad
Bugan [bbh],23.75,105,#AB7664,Austroasiatic,Mangic,China
Bugis [bug],-4,120,#CDAF8E,Malayo-Polynesian,Greater South Sulawesi,Indonesia
Bugun [bgn],27.3,92.35,#426E74,Kho-Bwa,Bugun,India
Buin [buo],-6.75,155.833,#517CA0,East Bougainville,,Papua New Guinea
Bukiyip_Arapesh [ape],-3.667,142.5,#8B8A34,Torricelli,Kombio-Arapesh,Papua New Guinea
Bularnu [yil],-21.5,137.5,#7BA3A9,Pama-Nyungan,Ngarna,Australia
Bulgarian [bul],43,25,#A7C866,Indo-European,Balto-Slavic,Bulgaria
Buli [bzq],0.833,128.5,#B87E98,Malayo-Polynesian,Eastern Malayo-Polynesian,Indonesia
Buma [tkw],-11.63,166.83,#AD4470,Oceanic,TeMotu,Solomons
Bumbita_Arapesh [aon],-3.667,142.833,#A4475A,Torricelli,Kombio-Arapesh,Papua New Guinea
Bumthang [kjz],27.8,90.8,#4C5A85,Tibeto-Burman,Bodic,Bhutan
Bumthang_Ura [kjz-2],27.48,90.905,#476798,Tibeto-Burman,Bodic,Bhutan
Bunan [bfu],32.61,76.91,#446941,Tibeto-Burman,Western Himalayan,India
Bunaq [bfn],-9.1,125.15,#734DA3,Timor-Alor-Pantar,Mainland,Indonesia
Bunun [bnn],23.5,121,#D69CB1,Austronesian,Bunun,Taiwan
Burarra [bvr],-12.25,134.667,#7C8A93,Maningrida,,Australia
Burmese [mya],20,96,#42699B,Tibeto-Burman,Lolo-Burmese,Myanmar
Burmese_Myeik [mya-2],12.43,98.6,#479569,Tibeto-Burman,Lolo-Burmese,Myanmar
Buru [mhs],-3.5,126.5,#AC4765,Malayo-Polynesian,Central Maluku,Indonesia
Burushaski [bsk],36.5,74.5,#2B9D76,Burushaski,,Pakistan
Buryat [bxm],52,108,#2D9C58,Mongolic,Eastern,Russia
Busa [bqp],9.67,4,#6E3C6B,Mande,Eastern,Nigeria
Bushong [buf],-4.67,21.3,#B9518A,Niger-Kongo,Bantoid,Democratic Republic of the Congo
Buyang [yha],24,104.8,#BB849E,Tai-Kadai,North,China
Buyuan Jino [jiy],22.05,101,#4A5478,Tibeto-Burman,Lolo-Burmese,China
Byansi [bee],30.17,80.5,#409D50,Tibeto-Burman,Western Himalayan,India
Caddo [cad],33.33,-93.5,#5C7E8F,Caddoan,Caddo,USA
Cahuilla [chl],33.75,-117.75,#489A89,Uto-Aztecan,North,USA
Cakchiquel [ckf],14.5,-91,#B1C14C,Mayan,Quiche-Mam,Guatemala
Camling [rab],27.3,86.8,#34956B,Tibeto-Burman,Kiranti,Nepal
Campa [cni],-12,-74,#A890B1,Arawak,South-Southwest,Peru
Canela-Krahô [ram],-6.5,-45,#62567A,Macro-Je,Je,Brazil
Cantonese [yue],22.333,114,#77A64A,Tibeto-Burman,Sinitic,China
Capanahua [kaq],-7,-74,#4BA28F,Panoan,Main,Peru
Car [caq],9.167,92.75,#B7E485,Austroasiatic,Nicobar,India
Carib [car],7.85,-59,#3B9B8B,Cariban,Guianan,Guyana
Catalan [cat],41.4,2.3,#B79B5E,Indo-European,Romance,Spain
Cayapa [cbi],1.2,-78.75,#3BB472,Barbacoan,Southern,Ecuador
Cayuvava [cyb],-12.5,-67,#A9E050,Cayuvava,,Bolivia
Cebuano [ceb],10,124,#B0E478,Malayo-Polynesian,Philippines,Philippines
Cemuhi [cam],-20.833,165,#D88382,Oceanic,Southern Oceanic,New Caledonia
Chadong [cdy],25.2,110.2,#949472,Tai-Kadai,South,China
Chaha [sgw],8.2,38,#4F8756,Afro-Asiatic,Semitic,Ethiopia
Cham_Eastern [cjm],11.333,108.5,#B53A4A,Malayo-Polynesian,Malayo-Sumbawan,Vietnam
Cham_Western [cja],12,105.5,#B83D56,Malayo-Polynesian,Malayo-Sumbawan,Cambodia
Chambri [can],-4.167,143.083,#646DA7,Lower Sepik-Ramu,Lower Sepik,Papua New Guinea
Chamorro [cha],13.583,145,#B7E575,Malayo-Polynesian,Chamorro,Guam
Chantyal [chx],28.75,83.5,#359258,Tibeto-Burman,Bodic,Nepal
Chatino [ctp],16.5,-97.25,#DCB8A7,Otomanguean,Zapotecan,Mexico
Chechen [che],43.13,45.54,#389E87,Nakh-Daghestanian,Nakh,Russia
Chemehuevi [ute-3],34.33,-115.17,#61A58A,Uto-Aztecan,North,USA
Chepang [cdm],28.05,83.92,#349C5C,Tibeto-Burman,Chepang,Nepal
Cherokee [chr],35.5,-83.5,#54C792,Iroquoian,Southern,USA
Chickasaw [cic],34,-88,#6D378E,Muskogean,Western,USA
Chimariko [cid],41,-123,#439671,Chimariko,,USA
Chin_Daai [dao],21.1,93.65,#565387,Tibeto-Burman,Kuki-Chin-Naga,Myanmar
Chin_Falam [cfm],22.9,93.67,#5C658C,Tibeto-Burman,Kuki-Chin-Naga,Myanmar
Chin_Tiddim [ctd],23.333,93.667,#515C7F,Tibeto-Burman,Kuki-Chin-Naga,Myanmar
Chinook [chh],46,-124,#A3EF87,Chinook,,USA
ChiNyanja [nya],-15,35,#C4526A,Niger-Kongo,Bantoid,Malawi
Chipewyan [chp],59,-106,#5E675D,Dene-Yeniseic,Na-Dene,Canada
Chiricahua [apm],33.5,-108,#655D8E,Dene-Yeniseic,Na-Dene,USA
Chitimacha [ctm],29.67,-91,#694392,Totozoquean-Chitimacha,Chitimacha,USA
Chittagong [ben-2],22.37,91.8,#2FA374,Indo-European,Indo-Iranian,Bangladesh
Chöcangacakha [cgk],27.5,90.88,#4D7479,Tibeto-Burman,Bodic,Bhutan
Choctaw [cho],32.25,-88.5,#653B92,Muskogean,Western,USA
Cholon [cht],-8,-77.5,#5A7877,Cholon,,Peru
Chontal [chd],18.17,-92.58,#B4CF77,Mayan,Chol-Tzeltal,Mexico
Chontal [clo],16.3,-95.5,#C3E791,Tequistlatecan,,Mexico
Chrau [crw],10.667,107.5,#B7846B,Austroasiatic,Bahnaric,Vietnam
Chuj [cac],16,-91.5,#BFC155,Mayan,Kanjobal-Chuj,Mexico
Chukchi [ckt],67,-173,#4FAA8C,Chukotko-Kamchatkan,Main,Russia
Chumash [boi],34.67,-120.25,#ACC67C,Chumash,,USA
Chuukese [chk],7.333,151.75,#C47A8A,Oceanic,Micronesian,USA Federated States of Micronesia
Chuvash [chv],55.5,47.5,#319C77,Turkic,Oghur,Russia
CiLuba [lua],-6,22,#C15082,Niger-Kongo,Bantoid,Democratic Republic of the Congo
Classical Malay [xxx-96],2.2,102.5,#D1B286,Malayo-Polynesian,Malayo-Sumbawan,Malaysia
Coahuilteco [xxx-6],28,-100,#7052BD,Coahuilteco,,USA
Cocama-Cocamilla [cod],-5,-74.3,#7FB39D,Tupi,Tupi-Guarani,Peru
Cocopa [coc],32.5,-115,#7156BF,Yuman-Cochimi,Yuman,USA
Coeur d'Alene [crd],47.33,-117,#9BC560,Salish,Interior,USA
Cogtse Gyarong [jya],32.1,100.9,#4C6880,Tibeto-Burman,Qiangic,China
Comanche [com],33.5,-101.5,#52A779,Uto-Aztecan,North,USA
Comox [coo],49.75,-125,#A0DC5B,Salish,Central,Canada
Coos [csz],43.5,-124.17,#85DB89,Coos,,USA
Cora [crn],23.333,-99,#ADB776,Uto-Aztecan,South,Mexico
Cornish [cor],50.5,-4.5,#C29080,Indo-European,Celtic,Britain
Cree_Plains [crk],54,-116,#98C189,Algic,Algonquian,Canada
Cree_Woods [cwd],58,-102,#91B795,Algic,Algonquian,Canada
Creek [mus],30.41,-85.2,#7749B6,Muskogean,Eastern,USA
Crow [cro],45.5,-108,#6144B5,Siouan,Western,USA
Cua [cua],15.167,108.667,#CB696C,Austroasiatic,Bahnaric,Vietnam
Cubeo [cub],1.33,-70.5,#69C893,Tucanoan,Cubeo,Colombia
Cuiba [cui-2],6.5,-70.5,#77AF7A,Guahiban,,Colombia
Cupeño [cup],33.17,-116.5,#41B690,Uto-Aztecan,North,USA
Czech [ces],50,14.5,#829B5B,Indo-European,Balto-Slavic,Czech Republic
Dadua [gal-2],-8.135,125.638,#B85474,Malayo-Polynesian,Timoric,Timor leste
Daga [dgz],-10,149.25,#744EB0,Trans New Guinea,Southeast,Papua New Guinea
Dagaare [dga],11.5,-2.5,#AE6E8B,Niger-Kongo,Gur,Burkina Faso
Dagbani [dag],9.58,-0.5,#9F69B4,Niger-Kongo,Gur,Ghana
Dagur [dta],48,124,#4CA261,Mongolic,Eastern,China
Dahalik [dlk],15.75,40.25,#536386,Afro-Asiatic,Semitic,Eritrea
Dakpa [dka],27.75,91.5,#4A5476,Tibeto-Burman,Bodic,Bhutan
Damal [uhn],-4,137.5,#5651AD,Damal,,Indonesia
Damar_West [drn],-7,128.5,#BE666A,Malayo-Polynesian,West Damar,Indonesia
Dameli [dml],35.375,71.693,#4A9C5D,Indo-European,Indo-Iranian,Pakistan
Damin [xxx-7],-16.4,139.35,#829E53,Tangkic,,Australia
Dan [dnj],7.5,-8,#79589C,Mande,Eastern,Côte d'Ivoire
Dani [dni],-4,138.917,#643696,Trans New Guinea,Dani,Indonesia
Danish [dan],56,10,#94A75D,Indo-European,Germanic,Denmark
Darai [dry],27.85,84.1,#349B62,Indo-European,Indo-Iranian,Nepal
Darma [drd],29.84,80.517,#3E9C5C,Tibeto-Burman,Western Himalayan,India
Dâw [kwa],-0.15,-67.05,#478E95,Nadahup,,Brazil
Degema [deg],4.75,6.75,#897666,Niger-Kongo,Edoid,Nigeria
Dekwana [mch],4.5,-63.5,#658D8F,Cariban,Guianan,Venezuela
Denaina [tfn],62,-150,#5E3E87,Dene-Yeniseic,Na-Dene,USA
Denjongkha [sip],27.5,88.5,#4C6077,Tibeto-Burman,Bodic,India
Dhao [nfa],-10.83,122.75,#C26571,Malayo-Polynesian,Flores-Sawu-Sumba,Indonesia
Dharawal [tbh],-34.5,150.5,#5B86A3,Pama-Nyungan,Yuin,Australia
Dharuk [xxx-8],-33.1,151.75,#4D6F91,Pama-Nyungan,Yuin,Australia
Dharumbal [bjy],-22.75,150,#5B9FBD,Pama-Nyungan,Rockhampton,Australia
Dhimal [dhi],26.6,86.75,#378F58,Tibeto-Burman,Bodic,Nepal
Didinga [did],4.33,33.6,#CC8EAA,Nilo-Saharan,Eastern Sudanic,Sudan
Diegueño [dih],32.67,-116.17,#5B4596,Yuman-Cochimi,Yuman,USA
Digaru Mishmi [mhu],28.2,96.2,#506589,Tibeto-Burman,Tani,India
Dimasa [dis],25.33,93,#436390,Tibeto-Burman,Bodo-Garo,India
Dime [dim],6.25,36.33,#3E9570,Afro-Asiatic,Omotic,Ethiopia
Dimili [diq],38,40,#559E5F,Indo-European,Indo-Iranian,Turkey
Dingri [bod-4],28.567,86.633,#535481,Tibeto-Burman,Bodic,China
Dinka [dip],8.5,28,#A061B7,Nilo-Saharan,East_Sudanic,South Sudan
Diola [dyo],13,-16,#B95189,Niger-Kongo,Atlantic,Senegal
Diyari [dif],-28,139,#7284C2,Pama-Nyungan,Karnic,Australia
Djabugay [dyy],-16.65,145.5,#5F94A6,Pama-Nyungan,Yidinic,Australia
Djambarrpuyngu [djr],-12,135.5,#69A0AD,Pama-Nyungan,Yolngu,Australia
Djapu [duj],-12.667,136,#8F9EA5,Pama-Nyungan,Yolngu,Australia
Djinang [dji],-12.5,134.833,#6990B6,Pama-Nyungan,Yolngu,Australia
Djingili [jig],-17.25,133.833,#8D869B,Mirndi,Barkly,Australia
Dobel [kvo],-6.083,134.5,#B9578E,Malayo-Polynesian,Southeast Maluku,Indonesia
Dogon [dbu],14.5,-2.5,#675798,Niger-Kongo,Dogon,Mali
Dohoi [otd],-0.5,113,#C5977F,Malayo-Polynesian,Barito,Indonesia
Dolpo [dre],29,83,#5F4F91,Tibeto-Burman,Bodic,Nepal
Dom [doa],-6,144.917,#6A508E,Trans New Guinea,Chimbu,Papua New Guinea
Dong [doc],26,109,#B77F74,Tai-Kadai,South,China
Dongwang [khg],28.25,99.55,#436390,Tibeto-Burman,Bodic,China
Doutai [tds],-3.25,138.25,#804A8E,Lakes Plains,Eastern,Indonesia
Doyayo [dow],8.67,13.08,#AB4671,Adamawa-Ubangi,Adamawa,Cameroon
Drehu [dhv],-21,167.083,#BE8484,Oceanic,Southern Oceanic,New Caledonia
Drokpa [bod-5],29.05,84.5,#41658B,Tibeto-Burman,Bodic,China
Duala [dua],4.3,9.8,#A48B8D,Niger-Kongo,Bantoid,Cameroon
Duka [dud],11.17,5.08,#AF564B,Niger-Kongo,Kainji,Nigeria
Dulong [duu],28,98.333,#3A776D,Tibeto-Burman,Nungish,China
Dumaki [dmk],36.167,74,#3CA56E,Indo-European,Indo-Iranian,Pakistan
Dumi [dus],27.25,86.67,#39976D,Tibeto-Burman,Kiranti,Nepal
Dumo [vam],-2.667,141.25,#7A3165,Skou,West,Papua New Guinea
Duna [duc],-5.417,142.5,#374050,Trans New Guinea,Duna,Papua New Guinea
Dura [drq],28.5,84.25,#4E8E67,Tibeto-Burman,Dura,Nepal
Dutch [nld],52,7,#85A56C,Indo-European,Germanic,Netherlands
Dyirbal [dbl],-17.583,145.5,#7477A7,Pama-Nyungan,Dyirbalic,Australia
Dzongkha [dzo],27.5,89.5,#526A9E,Tibeto-Burman,Bodic,Bhutan
Edolo [etr],-6.083,142.667,#684096,Trans New Guinea,Bosavi,Papua New Guinea
Efik [efi],4.92,8.5,#9F685D,Niger-Kongo,CrossRiver,Nigeria
Ega [ega],5.5,-5.5,#95274F,Niger-Kongo,Kwa,Côte d'Ivoire
Ejagham [etu],5.6,9,#B1546D,Niger-Kongo,Bantoid,Cameroon
Ekagi [ekg],-3.917,136.25,#635A78,Trans New Guinea,Wissel Lakes,Indonesia
Elopi [dbf],-3.083,137.333,#844980,Lakes Plains,Eastern,Indonesia
Emae [mme],-17.033,168.167,#BE6279,Oceanic,Central Pacific,Vanuatu
Embaloh [emb],1.1628,112.37,#D4918F,Malayo-Polynesian,Greater South Sulawesi,Indonesia
Embera_Baudo [bdc],5.2,-76.8,#5D6EB7,Chocoan,Emberá,Colombia
Embera_Chamí [cmi],5,-76,#5F5FAA,Chocoan,Emberá,Colombia
Engenni [enn],5.17,6.38,#C0435F,Niger-Kongo,Kwa,Nigeria
Enggano [eno],-5.333,102.25,#C5939C,Malayo-Polynesian,Batak-Barrier Islands,Indonesia
English [eng],52,0,#9AB873,Indo-European,Germanic,Britain
Erzgebirgisch [nds-3],50.58,13,#91A661,Indo-European,Germanic,Germany
Ese Ejja [ese],-11,-65.9,#605984,Tacanan,Ese'ejja,Bolivia
Estonian [est],59,25,#90BA66,Uralic,Finnic,Estonia
Eton [eto],4,11.5,#B8646C,Niger-Kongo,Bantoid,Cameroon
Even [eve],68,130,#3BA86D,Tungusic,North,Russia
Evenki [evn],56,125,#42B173,Tungusic,North,Russia
Ewe [ewe],6,1,#A24E6E,Niger-Kongo,Kwa,Ghana
Ewondo [ewo],4.5,12,#C45A69,Niger-Kongo,Bantoid,Cameroon
Eyak [eya],60.5,-145,#40886A,Dene-Yeniseic,Na-Dene,USA
Fang [fan],0.5,11,#EA3F70,Niger-Kongo,Bantoid,Equatorial Guinea
Faroese [fao],61.5,-7,#90B977,Indo-European,Germanic,Denmark
Farsi [pes],32,54,#7D8769,Indo-European,Indo-Iranian,Iran
Fasu [faa],-6.417,143.167,#614AAA,Trans New Guinea,Kutubuan,Papua New Guinea
Fijian [fij],-18,178.333,#C0AEA4,Oceanic,Central Pacific,Fiji
Finnish [fin],62,25,#8EB869,Uralic,Finnic,Finland
Foe [foi],-6.333,143.5,#594EB5,Trans New Guinea,Kutubuan,Papua New Guinea
Fon Gbe [fon],6.42,2.17,#A063A1,Niger-Kongo,Kwa,Benin
Fordata [frd],-7.17,131.5,#A94B94,Malayo-Polynesian,Southeast Maluku,Indonesia
Fore [for],-6.75,145.5,#31927E,Trans New Guinea,Gorokan,Papua New Guinea
French [fra],48,3,#B79858,Indo-European,Romance,France
Frisian [frs],53.2,5.76,#7CA972,Indo-European,Germanic,Netherlands
Fula [fuh],11.5,-12.5,#C46085,Niger-Kongo,Atlantic,Guinea
Fulniô [fun],-8.2,-37.3,#544895,Macro-Je,Yate,Brazil
Fur [fvr],13,25,#55568F,Nilo-Saharan,Fur,Sudan
Futuna_West [fut-2],-19.667,170.667,#C27471,Oceanic,Central Pacific,Vanuatu
Fuyuge [fuy],-8.667,147.333,#5C518A,Trans New Guinea,Goilala,Papua New Guinea
Fuzhou [cdo],26.5,119,#68A455,Tibeto-Burman,Sinitic,China
Fyam [pym],9.65,9.25,#C05364,Niger-Kongo,Platoid,Nigeria
Ga'anda [gqa],10.33,12.58,#CA6063,Afro-Asiatic,Chadic,Nigeria
Gaagudju [gbu],-12.583,132.833,#7CA1A0,Gaagudju,,Australia
Gaahmg [tbi-2],11.767,34.35,#A8444D,Nilo-Saharan,East_Sudanic,Sudan
Gabigabi [xxx-11],-25.5,153,#6E738A,Pama-Nyungan,WakaKabic,Australia
Gadsup [gaj],-6.333,146,#3CA78B,Trans New Guinea,Kainantu,Papua New Guinea
Gahuku [gah],-6.083,145.4,#3D7C98,Trans New Guinea,Gorokan,Papua New Guinea
Galela [gbi],2,128.417,#844C96,West Papuan,North Halmahera,Indonesia
Galo [adi],28,94.75,#497D7D,Tibeto-Burman,Tani,India
Galolen [gal],-8.58,126,#97425B,Malayo-Polynesian,Timoric,Timor leste
Gamilaraay [kld-2],-31,149.5,#6AC289,Pama-Nyungan,,Australia
Gapapaiwa [pwg],-9.8,149.833,#64648F,Oceanic,Western Oceanic,Papua New Guinea
Garawa [gbc],-17.25,137.667,#B2C595,Wanyi-Garrwa,,Australia
Garifuna [cab],15.85,-85,#D8B69B,Arawak,North,Honduras
Garo [grt],26,90,#5060A7,Tibeto-Burman,Bodo-Garo,India
Gathang [kda],-32,152.5,#507F6F,Pama-Nyungan,Yuin,Australia
Gavião [gvo],-11,-61,#6497A9,Tupi,Mondé,Brazil
Gayo [gay],4.55,96.95,#D591A5,Malayo-Polynesian,Batak-Barrier Islands,Indonesia
Gbaya-Kara [gya],6,15,#A93551,Adamawa-Ubangi,Ubangi,Central African Republic
Gbaya-Mbodomo [mdo],4.5,15,#A55234,Adamawa-Ubangi,Ubangi,Central African Republic
Gbeya_Bossangoa [gbp],6.67,17.5,#B8684D,Adamawa-Ubangi,Ubangi,Central African Republic
Gela [nlg],-9.167,160.333,#CEAC8D,Oceanic,Southeast Solomonic,Solomons
Gelao [gio],22.92,105.5,#9A633F,Tai-Kadai,North,China
Georgian [kat],41.72,44.78,#45A274,Kartvelian,Georgian,Georgia
German [deu],50,10,#85A76E,Indo-European,Germanic,Germany
German_Swiss [gsw],46.975,8.405,#7FA870,Indo-European,Germanic,Switzerland
Ghale [ghe],28.25,84.9,#337B77,Tibeto-Burman,Ghale,Nepal
Gikuyu [kik],-0.75,36.75,#C35B7A,Niger-Kongo,Bantoid,Kenya
Gitksan [git],55.33,-127.75,#A8CC59,Tsimshian,,Canada
Goemai [ank],8.67,9.75,#A32749,Nilo-Saharan,Central_Sudanic,Nigeria
Gojri [gju],33,76,#41A159,Indo-European,Indo-Iranian,India
Golden Palaung [pll],22.97,97.17,#BE7680,Austroasiatic,Palaungic,Myanmar
Golin [gvf],-6.25,144.833,#5D48B2,Trans New Guinea,Chimbu,Papua New Guinea
Gondi [gno],19,84.6,#31914E,Dravidian,South-central,India
Gooniyandi [gni],-18.5,126.6,#65A2A8,Bunuban,,Australia
Gorontalo [gor],0.5,122,#CD8197,Malayo-Polynesian,Philippines,Indonesia
Gorum [pcj],18.5,82.833,#339777,Austroasiatic,Munda,India
Grebo [gry],5.3,-8,#A57596,Niger-Kongo,Kru,Liberia
Greek [ell],38,23,#B2D369,Indo-European,Greek,Greece
Green_Hmong [hnj],28,105,#B47675,Hmong-Mien,Hmongic,China
Greenlandic [kal],61,-48,#4D66AA,Eskimo-Aleut,Eskimo,Greenland (Denmark)
Gtaq [gaq],18.633,83.5,#349E5B,Austroasiatic,Munda,India
Gtob [gbj],18.583,82.867,#369F5D,Austroasiatic,Munda,India
Guajajara [gub],-5,-45,#8EA194,Tupi,Tupi-Guarani,Brazil
Guajira [guc],12,-72,#D5B79E,Arawak,North,Colombia
Guarani [gug],-23,-56,#847F64,Tupi,Tupi-Guarani,Paraguay
Guarijio [var],27.75,-108.67,#65A4BB,Uto-Aztecan,South,Mexico
Gubeeher [bcb],12.5,-16.5,#B96786,Niger-Kongo,Atlantic,Senegal
Gude [gde],10.05,14.3,#CBAE87,Afro-Asiatic,Chadic,Cameroon
Gugada [ktd],-30,134,#6C5FAD,Pama-Nyungan,Western Desert,Australia
GuhuSamane [ghs],-8,147.25,#61628F,Trans New Guinea,Southeast,Papua New Guinea
Gujarati [guj],23,72,#4CA380,Indo-European,Indo-Iranian,India
Gula-Iro [glj],10.25,19.42,#B05A80,Adamawa-Ubangi,Adamawa,Chad
Gumawana [gvs],-9.25,150.833,#7D59AC,Oceanic,Western Oceanic,Papua New Guinea
Gününa Yajich [xxx-41],-38,-62.5,#779686,Chonan,,Argentina
Gureng Gureng [gnr],-25.25,151,#7A80AB,Pama-Nyungan,Central-East,Australia
Gurr-goni [gge],-12.25,134.417,#659C8F,Maningrida,,Australia
Gurung [gvr],28.333,84.333,#3B7669,Tibeto-Burman,Bodic,Nepal
Guugu Yimidhirr [kky],-15,144.833,#5A6A9C,Pama-Nyungan,Southeast Cape York,Australia
Gwari [gby],9.5,7,#934F7D,Niger-Kongo,Nupoid,Nigeria
Haa Zongkha [dzo-2],27.135,89.12,#46509B,Tibeto-Burman,Bodic,Bhutan
Haida [hdn],53,-132,#647FB4,Haida,,Canada
Haisla [has],54,-128.75,#BAC658,Wakashan,North,Canada
Hajong [haj],26.2,90.5,#348C76,Indo-European,Indo-Iranian,India
Hakha_Lai [cnh],22.667,93.667,#4B696E,Tibeto-Burman,Kuki-Chin-Naga,Myanmar
Hakka [hak],24.25,116.5,#79AC4D,Tibeto-Burman,Sinitic,China
Halia [hla],-5.25,154.75,#CD756B,Oceanic,Western Oceanic,Papua New Guinea
Halkomelem [hur],49.5,-122.5,#A5E391,Salish,Central,Canada
Hanga_Hundi [wos],-3.833,142.833,#349974,Sepik,Ndu,Papua New Guinea
Hangzhou [wuu-2],30.25,120.167,#79AA53,Tibeto-Burman,Sinitic,China
Harsusi [hss],19.7,55.85,#B58156,Afro-Asiatic,Semitic,Oman
Hatam [had],-1,134,#A0324D,Hatam,,Indonesia
Hausa [hau],12,7,#B17F56,Afro-Asiatic,Chadic,Nigeria
Hawaiian [haw],21,-157,#C6B68F,Oceanic,Central Pacific,USA
Hayu [vay],27.25,86,#3B9B8A,Tibeto-Burman,Kiranti,Nepal
Hebrew [heb],31.75,35.17,#C7997E,Afro-Asiatic,Semitic,Israel
Helong [heg],-10.25,123.67,#964D5D,Malayo-Polynesian,Timoric,Indonesia
Herero [her],-21,20,#C95F92,Niger-Kongo,Bantoid,Namibia
Hidatsa [hid],48,-110,#684BB8,Siouan,Western,USA
Hiligaynon [hil],10.25,123,#B3E17A,Malayo-Polynesian,Philippines,Philippines
Hill_Madia [mrr],18.9,81.35,#329875,Dravidian,South-central,India
Hindi [hin],27,80,#55A772,Indo-European,Indo-Iranian,India
Hiw [hiw],-13.25,166.5,#995E84,Oceanic,Southern Oceanic,Vanuatu
Hixkaryana [hix],1.5,-60,#869BB1,Cariban,Parukotan,Brazil
Hkongso [mro],21.5,93,#735666,Tibeto-Burman,Mru,Myanmar
Hlai [lic],19.05,109.9,#A18371,Tai-Kadai,South,China
Hlersu [hle],24.05,101.975,#5C6672,Tibeto-Burman,Lolo-Burmese,China
Hmar [hmr],25,92.2,#574F80,Tibeto-Burman,Kuki-Chin-Naga,India
Ho [hoc],22,86,#3A9252,Austroasiatic,Munda,India
Hobyot [hoh],16.21,52.2,#BB8256,Afro-Asiatic,Semitic,Oman
Holoholo [hoo],-5.5,28.25,#BC6177,Niger-Kongo,Bantoid,Democratic Republic of the Congo
Hopi [hop],36,-110,#40A76F,Uto-Aztecan,North,USA
Hresuk [adb],-8.22,125.61,#A86C7D,Malayo-Polynesian,Timoric,Timor leste
Hua [ygr],-6.333,145.3,#30997C,Trans New Guinea,Gorokan,Papua New Guinea
Huastec [hsf],22.08,-99.33,#B3D177,Mayan,Huastecan,Mexico
Huave [huv],16.2,-95,#D1BE8A,Huave,,Mexico
Huichol [hch],22,-104,#41956C,Uto-Aztecan,South,Mexico
Huitoto_Minica [huu],-2.4,-72.25,#45B17A,Witoto,Huitoto-Ocaina,Colombia
Huitoto_Murui [hux],-1,-73.5,#2C8369,Witoto,Huitoto-Ocaina,Colombia
Hungarian [hun],47,19,#59B176,Uralic,Ugric,Hungary
Hunzib [huz],42.16,46.23,#2A9E7F,Nakh-Daghestanian,Tsezic,Russia
Hup [jup],0.167,-69.25,#588AA5,Nadahup,,Brazil
Hupa [hup],41.08,-123.67,#6F9A9E,Dene-Yeniseic,Na-Dene,USA
I’saka [ksi],-2.9,141.4,#8C3778,Skou,South,Papua New Guinea
Iaai [iai],-20.417,166.417,#DAA889,Oceanic,Southern Oceanic,New Caledonia
Iatmul [ian],-4.25,143.25,#377D86,Sepik,Ndu,Papua New Guinea
Iau [tmu],-3.167,138,#635A80,Lakes Plains,Eastern,Indonesia
Iban [iba],2,112,#C69578,Malayo-Polynesian,Malayo-Sumbawan,Malaysia
Icelandic [isl],65,-19,#9CAB5E,Indo-European,Germanic,Iceland
Idu Mishmi [clk],29,96,#3E7161,Tibeto-Burman,Tani,India
Iduna [viv],-9.417,150.25,#5F6CA5,Oceanic,Western Oceanic,Papua New Guinea
Ifugao_Batad [ifb],16.833,121.083,#BBE077,Malayo-Polynesian,Philippines,Philippines
Igbo [ibo],6,7.33,#C15082,Niger-Kongo,Igboid,Nigeria
Igede [ige],7,8.17,#9A1F47,Niger-Kongo,Idomoid,Nigeria
Ignaciano [ign],-12.5,-65.5,#C8CB9D,Arawak,South-Southwest,Bolivia
Iha [ihp],-2.8,132.35,#7E4085,Trans New Guinea,Bomberai,Indonesia
Ik [ikx],3.75,34.17,#D093A9,Nilo-Saharan,Kuliak,Uganda
Ika [arh],10.75,-73.5,#4F7087,Chibchan,East,Colombia
Ilokano [ilo],16,121,#B8E977,Malayo-Polynesian,Philippines,Philippines
Imonda [imn],-3.25,141.167,#5378BD,Trans New Guinea,Border,Papua New Guinea
Inanwatan [szp],-2.17,132,#6963A1,Trans New Guinea,South Birds Head,Indonesia
Indonesian [ind],-2.5,104.75,#C39079,Malayo-Polynesian,Malayo-Sumbawan,Indonesia
Ingush [inh],42.97,44.77,#37A386,Nakh-Daghestanian,Nakh,Russia
Iñupiaq [esi],68.13,-151.72,#359A7D,Eskimo-Aleut,Eskimo,USA
Iquito [iqu],-3,-74,#72D17E,Zaparoan,Iquito-Cahuarano,Peru
Irabu_Ryukyu [mvi-3],24.833,125.183,#33925A,Japonic,Ryukyuan,Japan
Iraqw [irk],-3.5,35,#8D4EA9,Afro-Asiatic,Cushitic,Tanzania
Irarutu [irh],-3,133.5,#9D3F75,Malayo-Polynesian,Eastern Malayo-Polynesian,Indonesia
Irish [gle],53,-7,#D7BC93,Indo-European,Celtic,Ireland
Irula [iru],11,77,#33925A,Dravidian,South,India
Italian [ita],43,14,#B6AB88,Indo-European,Romance,Italy
Itelmen [itl],57,157.5,#60B881,Chukotko-Kamchatkan,Main,Russia
Ivatan_Southern [ivv],20.33,121.83,#BEC993,Malayo-Polynesian,Bashiic,Philippines
Iwaidja [ibd],-11.5,132.667,#72B052,Iwaidjan,,Australia
Ixil [ixl],15.5,-91.2,#C4CC54,Mayan,Quiche-Mam,Guatemala
Izi [izi],6.332,8.104,#C86755,Niger-Kongo,Igboid,Nigeria
Jacaltec [jac],15.75,-91.75,#BED08D,Mayan,Kanjobal-Chuj,Guatemala
Jahai [jhi],5.9,101.5,#C6A567,Austroasiatic,Aslian,Malaysia
Jambi Malay [jax],-1.75,103,#C3889D,Malayo-Polynesian,Malayo-Sumbawan,Indonesia
Jaminjung [djd],-15.083,130.5,#52A77F,Mirndi,West,Australia
Jamul Tiipay [dih-2],32.17,-116.5,#6E5198,Yuman-Cochimi,Yuman,USA
Japanese [jpn],37,140,#399357,Japonic,Japanese,Japan
Jaqaru [jqr],-12.85,-76,#35B381,Aymaran,,Peru
Jarawa [jar],9.9,9.8,#AB3439,Niger-Kongo,Bantoid,Nigeria
Javanese [jav],-7.5,110.667,#C99185,Malayo-Polynesian,Javanic,Indonesia
Jebero [jeb],-5.2,-76.4,#6CBB63,Cahuapanan,,Peru
Jero [jee],27.2,86.25,#339874,Tibeto-Burman,Kiranti,Nepal
Jiaomuzu [qxs-2],32,102.03,#4B5EA1,Tibeto-Burman,Qiangic,China
Jibbali [shv],17.2,54.9,#C89770,Afro-Asiatic,Semitic,Oman
Jingpho [kac],28,98,#567187,Tibeto-Burman,Jingpho,Myanmar
Jirel [jul],27.65,86.23,#3C8773,Tibeto-Burman,Bodic,Nepal
Jivaro [jiv],-3,-78.25,#27AA61,Jivaroan,,Ecuador
Jomang [tlo],10.58,30.5,#CF698E,Kordofanian,Talodi,Sudan
Jru [lbo],15.333,106.333,#C3627B,Austroasiatic,Bahnaric,Laos
Ju|'hoan [ktz],-19,21,#A36691,Kx'aa,,Namibia
Juang [jun],21.167,85.833,#369274,Austroasiatic,Munda,India
Juba_Arabic [apd-2],4.85,31.6,#C78588,Afro-Asiatic,Semitic,Sudan
Jukun [jbu],6.92,10.42,#B13048,Niger-Kongo,Jukkunoid,Nigeria
Kabardian [kbd],43.52,43.63,#367793,North-west Caucasus,Circassian,Russia
Kabyle [kab],36.5,5,#C09B7F,Afro-Asiatic,Berber,Algeria
Kadazan [kzj],5.917,117.167,#C5CC93,Malayo-Polynesian,North Borneo,Malaysia
Kadugli [xtc],11,29.67,#B2898D,Kordofanian,Katla,Sudan
Kaera [xxx-111],-8.38,124.21,#6F4CA4,Timor-Alor-Pantar,Alor-Pantar,Indonesia
Kagoshima [jpn-5],31.6,130.55,#399357,Japonic,Japanese,Japan
Kaike [kzq],28.9,83.17,#36977C,Tibeto-Burman,Bodic,Nepal
Kaingang [kgp],-22,-48,#4F4084,Macro-Je,Je,Brazil
Kairiru [kxa],-3.417,143.583,#8F3E84,Oceanic,Western Oceanic,Papua New Guinea
Kaki_Ae [tbd],-8,145.833,#586EBA,Trans New Guinea,Eleman,Papua New Guinea
Kakua [cbv],1.08,-70,#3E8992,Nadahup,,Brazil
Kala Lagaw Ya [mwp],-10.12,142.12,#339E59,Pama-Nyungan,Torres Strait,Australia
Kalam [kmh],-5.25,144.583,#5B54AD,Trans New Guinea,Madang,Papua New Guinea
Kalami [gwc],35.48,72.59,#499655,Indo-European,Indo-Iranian,Pakistan
Kalasha [kls],35.73,71.75,#5D9B84,Indo-European,Indo-Iranian,Pakistan
KaliaiKove [kvc],-5.667,149.75,#AD447D,Oceanic,Western Oceanic,Papua New Guinea
Kalkatungu [ktg],-21,139.5,#5E8999,Pama-Nyungan,Kalkatungu,Australia
Kalkoti [xka],21.91,78.72,#168E3D,Indo-European,Indo-Iranian,Pakistan
Kalmyk [xal],45,47,#429370,Mongolic,Eastern,Russia
Kaluli [bco],-6.417,142.833,#3C5DA3,Trans New Guinea,Bosavi,Papua New Guinea
Kamaiurá [kay],-12,-52.67,#708F89,Tupi,Tupi-Guarani,Brazil
Kamang [woi],-8.25,124.833,#653D94,Timor-Alor-Pantar,Alor-Pantar,Indonesia
Kamas [xas],52,92,#39AA91,Uralic,Samoyedic,Russia
Kamba [kam],-2,38,#B65480,Niger-Kongo,Bantoid,Kenya
Kambera [xbr],-9.833,120.5,#D5A9A0,Malayo-Polynesian,Flores-Sawu-Sumba,Indonesia
Kambran [bed],-2.78,132.7,#A63C5D,Malayo-Polynesian,Eastern Malayo-Polynesian,Indonesia
Kamoro [kgq],-4.333,136,#4867A5,Trans New Guinea,Asmat-Kamoro,Indonesia
Kamu [xmu],-13.583,130.833,#7F73BC,East Daly,,Australia
Kana [ogo],4.75,6.5,#AA9677,Niger-Kongo,CrossRiver,Nigeria
Kanakuru [kna],10,12,#B6644C,Afro-Asiatic,Chadic,Nigeria
Kanashi [xns],32,77.55,#41A780,Tibeto-Burman,Western Himalayan,India
Kangri [xnr],31.5,77,#499660,Indo-European,Indo-Iranian,India
Kannada [kan],14,76,#337265,Dravidian,South,India
Kanoê [kxo],-12.5,-62.25,#3DA489,Kanoê,,Brazil
Kanum [kcd],-8.583,140.75,#66B088,South New Guinea,,Indonesia
Kanuri [knc],11.25,14.25,#7E5BC5,Nilo-Saharan,Saharan,Cameroon
Kapampangan [pam],15.333,120.5,#CBDE83,Malayo-Polynesian,Philippines,Philippines
Kapau [hmt],-7.667,146.167,#5D3D88,Trans New Guinea,Angan,Papua New Guinea
Kara [kah],9,24,#AC2D4B,Nilo-Saharan,Central_Sudanic,Central African Republic
Karachay-Balkar [krc],44,42,#319C71,Turkic,North-west,Russia
Karaim [kdr],54.63,24.93,#7C8D3E,Turkic,North-west,Lithuania
Karajarri [gbd],-18.5,122.5,#58A599,Pama-Nyungan,Marngu,Australia
Karakalpak [kaa],43,60,#319C71,Turkic,North-west,Uzbekistan
Karas Laut [kgv],-3.6,132.667,#6E3F61,Trans New Guinea,Bomberai,Indonesia
Karbi [mjw],26.2,93.5,#4C6792,Tibeto-Burman,Mikir,India
Karbi-2 [mjw-2],26.333,93.5,#318B86,Tibeto-Burman,Mikir,India
Karen [bwe],17,98,#AC4672,Tibeto-Burman,Karen,Myanmar
Karen_Geba [kvq],19.02,96.58,#A25652,Tibeto-Burman,Karen,Myanmar
Karen_Pho [pwo],14.333,98.3,#9C3350,Tibeto-Burman,Karen,Myanmar
Karen_Pho_Kyonbyaw [pwo-3],17.6,95.2,#A93C49,Tibeto-Burman,Karen,Myanmar
Karen_Sgaw [ksw],17,94.833,#AE476D,Tibeto-Burman,Karen,Myanmar
Karimojong [kdj],3,34.17,#CC8886,Nilo-Saharan,Nilotic,Uganda
Karirí [kzw],-10,-37,#C6AE83,Karirí,,Brazil
KarkarYuri [yuj],-3.75,141.083,#23665B,Trans New Guinea,Karkar-Yuri,Papua New Guinea
Káro [arr],-9,-62.25,#616A8C,Tupi,Ramarama,Brazil
Karo_Batak [btx],3,98.167,#C58C5F,Malayo-Polynesian,Batak-Barrier Islands,Indonesia
Karok [kyh],41.67,-123,#5795A0,Karok,,USA
Kashmiri [kas],34,76,#45A275,Indo-European,Indo-Iranian,India
Katcha [xtc-2],10.83,29.67,#BA68A6,Kordofanian,Katla,Sudan
Kate [kmg],-6.5,147.833,#574F9F,Trans New Guinea,Finisterre-Huon,Papua New Guinea
Kati_North [yon],-5.5,141,#404575,Trans New Guinea,Ok,Indonesia
Katla [kcr],11.9,29.2,#C35F78,Kordofanian,Katla,Sudan
Katu [ktv],15.833,107.583,#B8755D,Austroasiatic,Katuic,Vietnam
Kaugel [ubu],-5.95,144.167,#535084,Trans New Guinea,Chimbu,Papua New Guinea
Kaulong [pss],-6.25,150.5,#AC3B58,Oceanic,Western Oceanic,Papua New Guinea
Kaure [bpp],-3.333,139.333,#586198,Trans New Guinea,Kaure,Indonesia
Kawaiisu [xaw],36,-117.5,#748795,Uto-Aztecan,North,USA
Kayah_Li [eky],19,98,#943154,Tibeto-Burman,Karen,Myanmar
Kayardild [gyd],-17.05,139.5,#549B7D,Tangkic,,Australia
Kazakh [kaz],50,70,#329253,Turkic,North-west,Kazakhstan
Kei [kei],-5.67,133.08,#A05666,Malayo-Polynesian,Kei,Indonesia
Kele [sbc],-2.083,147.333,#AE3671,Oceanic,Admiralties,Papua New Guinea
Kemant [ahg],12.9,37,#2B9487,Afro-Asiatic,Cushitic,Ethiopia
Kenga [kyq],12,18,#A83254,Nilo-Saharan,Central_Sudanic,Chad
Kéo [xxk],-8.83,121.25,#BB6C8E,Malayo-Polynesian,Flores-Sawu-Sumba,Indonesia
Kera [ker],9.83,15.08,#B0384D,Afro-Asiatic,Chadic,Chad
Keraq [unr-2],24,85.2,#39A07E,Austroasiatic,Munda,India
Kerinci [kvr],-2.15,101.5,#C7927F,Malayo-Polynesian,Malayo-Sumbawan,Indonesia
Kesui [wah],-4.5,131.667,#B04E8C,Malayo-Polynesian,Central Maluku,Indonesia
Ket [ket],64,87,#38A873,Dene-Yeniseic,Yeniseic,Russia
Keuw [khh],-3.2,136.2,#54339D,Keuw,,Indonesia
Kewa [kew],-6.333,143.75,#3D706A,Trans New Guinea,Engan,Papua New Guinea
Khakas [kjh],53,90,#329253,Turkic,North-east,Russia
Khalaj [klj],35,50,#4A9461,Turkic,South-west,Iran
Khaling [klr],27.6,86.7,#449B67,Tibeto-Burman,Kiranti,Nepal
Khalkha [khk],47,105,#39924F,Mongolic,Eastern,Mongolia
Kham [kgj],28.5,82.75,#2F9B7D,Tibeto-Burman,Kham,Nepal
Khanty [kca],65,65,#48A07F,Uralic,Ugric,Russia
Kharia [khr],22.5,83.5,#50977F,Austroasiatic,Munda,India
Khasi [kha],26,92,#B98E6C,Austroasiatic,Khasic,India
Khengkha [xkf],27.28,90.75,#495987,Tibeto-Burman,Bodic,Bhutan
Khmer [khm],12,105,#C15D82,Austroasiatic,Khmer,Cambodia
Khmu [kjg],19,100.75,#BC6D80,Austroasiatic,Khmuic,Thailand
Khowar [khw],36.5,72.5,#339C66,Indo-European,Indo-Iranian,Pakistan
Kija [gia],-17.5,127.75,#6697BC,Jarrakan,,Australia
Kilivila [kij],-8.5,151,#C2B9AF,Oceanic,Western Oceanic,Papua New Guinea
Kiliwa [klb],31.33,-115.67,#8862A8,Yuman-Cochimi,Yuman,USA
Kiluba [lub],-8.5,26,#C64960,Niger-Kongo,Bantoid,Democratic Republic of the Congo
Kimaama [kig],-8,139.583,#603470,Kolopom,,Indonesia
Kinnauri [kfk],31.5,78.25,#3C9D83,Tibeto-Burman,Western Himalayan,India
KinyaRwanda [kin],-2,30,#B35D67,Niger-Kongo,Bantoid,Rwanda
Kiowa [kio],37,-99,#738DA2,Kiowa-Tanoan,Kiowa-Towa,USA
Kire [geb],-4.417,144.75,#504684,Lower Sepik-Ramu,Ramu,Papua New Guinea
Kirghiz [kir],42,75,#2F9356,Turkic,North-west,Kyrgystan
Kiribati [gil],1.333,173,#D3A495,Oceanic,Micronesian,Kiribati
Kisi [kss],8.83,-10.17,#AC77AF,Niger-Kongo,Atlantic,Guinea
Kitanemuk [xxx-43],34.5,-117.5,#AFA277,Uto-Aztecan,North,USA
Kiwai_South [kjd],-8.583,143.25,#37A97B,Trans New Guinea,Kiwaian,Papua New Guinea
Klamath [kla],42.5,-121.5,#72CA84,Oregon Penutian,,USA
Klao [klu],4.75,-8.75,#839978,Niger-Kongo,Kru,Liberia
Klon [kyo],-8.417,124.417,#6F4CA2,Timor-Alor-Pantar,Alor-Pantar,Indonesia
Koasati [cku],34.83,-85.17,#52589B,Muskogean,Eastern,USA
Kobon [kpw],-5.167,144.417,#61418E,Trans New Guinea,Madang,Papua New Guinea
Kodagu [kfa],13.08,76.42,#318173,Dravidian,South,India
Koiali_Mountain [kpx],-9.083,147.5,#6461AB,Trans New Guinea,Koiari,Papua New Guinea
Koita [kqi],-9.333,147.083,#66318E,Trans New Guinea,Koiari,Papua New Guinea
Koiwai [kwh],-4,134,#877461,Malayo-Polynesian,Koiwai,Indonesia
Kokborok [trp],24.33,92.5,#4966AE,Tibeto-Burman,Bodo-Garo,India
Kokota [kkk],-8,159.25,#C4BE8D,Oceanic,Western Oceanic,Solomons
Kola [kvv],-5.42,134.5,#BA6687,Malayo-Polynesian,Southeast Maluku,Indonesia
Kolami [kfb],20,78.5,#2B7E60,Dravidian,Central,India
Kolana [kvw],-8.3,125.133,#703879,Timor-Alor-Pantar,Alor-Pantar,Indonesia
Kolokuma [ijc],4.92,5.67,#2D7D5C,Niger-Kongo,Ijoid,Nigeria
Kombai [tyn],-5.75,140,#72487F,Trans New Guinea,Awyu-Dumut,Indonesia
Komi [koi],59.5,54.5,#44B08B,Uralic,Permic,Russia
Komi-Zyrian [kpv],65,55,#83B069,Uralic,Permic,Russia
Komo [xom],9,33.75,#C47581,Nilo-Saharan,Komuz,Democratic Republic of the Congo
Komodo [knh],-8.5,119.5,#DBB99D,Malayo-Polynesian,Bima,Indonesia
Kongo [kng],-5,15,#BC4D69,Niger-Kongo,Bantoid,Democratic Republic of the Congo
Konjo [kjc],-5.333,119.833,#D1B997,Malayo-Polynesian,Greater South Sulawesi,Indonesia
Konkani [knn],15.25,74.4,#3C9F5A,Indo-European,Indo-Iranian,India
Konso [kxc],5.4,37.5,#7C5D81,Afro-Asiatic,Cushitic,Ethiopia
Korana [kqz],-26,22,#4BAB60,Khoe,Khoe,Botswana
Korean [kor],37,128,#3DA27F,Korean,,Korea
Koreguaje [coe],1,-75.5,#AB88BA,Tucanoan,West,Colombia
Korku [kfq],25,78.5,#3AA979,Austroasiatic,Munda,India
Koro [hru-2],27.25,92.8,#3C6A73,Tibeto-Burman,Siangic,India
Koromfe [kfz],14.25,-0.92,#B56986,Niger-Kongo,Gur,Burkina Faso
Korowai [khe],-5.417,140.25,#396C63,Trans New Guinea,Awyu-Dumut,Indonesia
Koryak [kpy],61,167,#348D71,Chukotko-Kamchatkan,Main,Russia
Kosraean [kos],5.3,163,#C2707A,Oceanic,Micronesian,USA Federated States of Micronesia
Koya [kff],17.5,81.333,#2CA863,Dravidian,South-central,India
Koyi [kkt],27.4,86.9,#3F986F,Tibeto-Burman,Kiranti,Nepal
Koyra Chiini [khq],16.75,3.5,#AB6DAC,Nilo-Saharan,Songhai,Mali
Koyukon [koy],65,-155,#426F8C,Dene-Yeniseic,Na-Dene,USA
Kpelle [xpe],7,-10,#A75168,Mande,Western,Liberia
Krongo [kgo],10.5,30,#B9597F,Kordofanian,Katla,Sudan
Ku Waru [xxx-14],-6,144.15,#653E9D,Trans New Guinea,Chimbu,Papua New Guinea
Kuanua [ksd],-4.4,152.167,#B4C467,Oceanic,Western Oceanic,Papua New Guinea
Kui [kvd],-8.583,124.75,#464A59,Timor-Alor-Pantar,Alor-Pantar,Indonesia
Kui [kxu],20,83.5,#318173,Dravidian,South-central,India
Kuke [ght],28.531,84.846,#436381,Tibeto-Burman,Kuke,Nepal
Kuku Nganhcara [wua],-14.8,141.9,#8465BF,Pama-Nyungan,West Cape York,Australia
Kuku Yalanji [gvn],-16,145,#63AA83,Pama-Nyungan,KukuYalanji,Australia
Kuman [kue],-5.917,144.917,#4A5EA5,Trans New Guinea,Chimbu,Papua New Guinea
Kumauni [kfy],30,80,#3FAB73,Indo-European,Indo-Iranian,India
Kumzari [zum],26,56.3,#936A4E,Indo-European,Indo-Iranian,Oman
Kunama [kun],14.5,37,#6A4FB2,Nilo-Saharan,Kunama,Eritrea
Kundal_Shahi [shd],34.55,73.84,#38A369,Indo-European,Indo-Iranian,Pakistan
Kunimaipa [kup],-8.083,146.917,#5942A6,Trans New Guinea,Goilala,Papua New Guinea
Kunjen [kjn],-16.5,142,#6C7191,Pama-Nyungan,Central Paman,Australia
Kuot [kto],-3.083,151.5,#B3BC96,Kuot,,Papua New Guinea
Kupang Malay [mkn],-10.18,123.58,#A48A64,Malayo-Polynesian,Malayo-Sumbawan,Indonesia
Kurdish [kmr],36,44,#818171,Indo-European,Indo-Iranian,Iraq
Kurmanji [kmr-2],38,42,#707D79,Indo-European,Indo-Iranian,Turkey
Kurtöp [xkz],27.83,91,#436381,Tibeto-Burman,Bodic,Bhutan
Kurux [kxl],26.5,87.35,#429457,Dravidian,North,Nepal
Kusunda [kgg],28.33,83.1,#569373,Kusunda,,Nepal
Kutenai [kut],49.5,-116,#AAE67C,Kutenai,,Canada
Kuuk Thaayorre [thd],-14,142.25,#7F61B3,Pama-Nyungan,West Cape York,Australia
Kuuku-Ya'u [kuy],-12.583,143.083,#7860C8,Pama-Nyungan,North Cape York,Australia
Kuvi [kxv],18.75,82.667,#3B6D65,Dravidian,South-central,India
Kwadi [kwz],-15,14.5,#3EAA58,Khoe,Kwadi,Angola
Kwaio [kwd],-8.917,161.083,#B6887C,Oceanic,Southeast Solomonic,Solomons
Kwangari [kwn],-18.5,20,#CA6C80,Niger-Kongo,Bantoid,Namibia
Kwaza [xwa],-12,-60.5,#785EB9,Kwaza,,Brazil
Kwerba [kwe],-2.167,138.5,#6460B0,Kwerba,Nuclear,Indonesia
Kwini [gww],-14.333,126.75,#79886B,Wororan,,Australia
Kyaka_Enga [kyc],-5.5,144.083,#6040B5,Trans New Guinea,Engan,Papua New Guinea
Kyirong_Tibetan [bod-3],28.4,85.2,#426997,Tibeto-Burman,Bodic,China
Laal [gdm],10,17.67,#B14147,Laal,,Chad
Lachi [lbt],23.123,104.703,#B36640,Tai-Kadai,North,China
Ladakhi [lbj],34,78,#415DA2,Tibeto-Burman,Bodic,India
Laguna [kjq],35.25,-107.33,#4F9F71,Keresan,Western,USA
Lahu [lhu],20.75,100.75,#5C6885,Tibeto-Burman,Lolo-Burmese,Myanmar
Lakhota [lkt],45,-102,#58496D,Siouan,Western,USA
Lakkia [lbc],24.08,110.17,#B97E69,Tai-Kadai,South,China
Lamaholot [slp],-8.25,123,#9E3A5A,Malayo-Polynesian,Timoric,Indonesia
Lamani [lmn],18,77,#467E3F,Indo-European,Indo-Iranian,India
Lamba [lam],9.8,10.5,#B76A61,Niger-Kongo,Gur,Zambia
Lamjung Yohlmo [scp-2],28.33,84.42,#457F8E,Tibeto-Burman,Bodic,Nepal
Lampung [ljp],-5,105,#C48177,Malayo-Polynesian,Lampungic,Indonesia
Lango [laj],2,33,#BC699C,Nilo-Saharan,Nilotic,Uganda
Lani [dnw],-3.75,138.2,#603C9A,Trans New Guinea,Dani,Indonesia
Lao [lao],19,103,#C76281,Tai-Kadai,South,Laos
Laragia [lrg],-12.667,130.833,#766FC6,Darwin,,Australia
Larantuka Malay [lrt],-8.33,123,#B07C69,Malayo-Polynesian,Malayo-Sumbawan,Indonesia
Lardil [lbz],-16.5,139.5,#829E53,Tangkic,,Australia
Larike [alo],-3.783,127.917,#B74C80,Malayo-Polynesian,Central Maluku,Indonesia
Latvian [lav],56.8,24.1,#97BE50,Indo-European,Balto-Slavic,Latvia
Lavukaleve [lvk],-9,159,#583271,Solomons East Papuan,,Solomons
Lele [lln],9.08,15.58,#A6334D,Afro-Asiatic,Chadic,Chad
Lelemi [lef],7.33,0.5,#9B468C,Niger-Kongo,Kwa,Ghana
Lelepa [lpa],-17.64,168.18,#B04A6B,Oceanic,Southern Oceanic,Vanuatu
Lenakel [tnl],-19.583,169.083,#BB5871,Oceanic,Southern Oceanic,Vanuatu
Lepcha [lep],27,88.2,#526271,Tibeto-Burman,Bodic,India
Leti [lti],-8.167,128.167,#B5457B,Malayo-Polynesian,Southeast Maluku,Indonesia
Lewo [lww],-16.667,168.333,#BA4F6C,Oceanic,Southern Oceanic,Vanuatu
Lezgian [lez],41.58,47.78,#2C997B,Nakh-Daghestanian,Lezgic,Russia
Lhasa_Tibetan [bod],29.65,91.14,#594F91,Tibeto-Burman,Bodic,China
Lhomi [lhm],27.75,87.4,#567972,Tibeto-Burman,Bodic,Nepal
Liko [kbo],3.75,30.5,#B75E8D,Nilo-Saharan,Central Sudanic,Sudan
Limbu [lif],27.167,87.75,#2E946F,Tibeto-Burman,Kiranti,Nepal
Linda [liy],6,21,#A55434,Adamawa-Ubangi,Ubangi,Central African Republic
Lingala [lin],1,18.5,#AF4261,Niger-Kongo,Bantoid,Democratic Republic of the Congo
Lisu [lis],19.5,98.75,#546C9E,Tibeto-Burman,Lolo-Burmese,Myanmar
Lithuanian [lit],54.9,23.9,#92B54E,Indo-European,Balto-Slavic,Lithuania
Logba [lgq],6.9,0.45,#B35778,Niger-Kongo,Kwa,Ghana
Logbara [lgg],3.08,30.92,#7A3794,Nilo-Saharan,Central_Sudanic,Democratic Republic of the Congo
Lokono [arw-2],6.07,-57.6,#77898A,Arawak,,Guyana
Longgu [lgu],-9.75,160.75,#D7B59B,Oceanic,Southeast Solomonic,Solomons
Loniu [los],-2.1,147.417,#B33C6E,Oceanic,Admiralties,Papua New Guinea
Lote [uvl],-5.6,151.9,#B04E8C,Oceanic,Western Oceanic,Papua New Guinea
Lotha [njh],26.5,94.25,#543AB4,Tibeto-Burman,Kuki-Chin-Naga,India
Lou [loj],-2.367,147.333,#C96D64,Oceanic,Admiralties,Papua New Guinea
Lozi [loz],-15,23,#C06161,Niger-Kongo,Bantoid,Zambia
Lü [khb],22,100.67,#C2776F,Tai-Kadai,South,China
Luangiua [ojv],-5.417,159.65,#CE848B,Oceanic,Central Pacific,Solomons
LuGanda [lug],0.5,32.17,#CB4A6F,Niger-Kongo,Bantoid,Uganda
Luiseño [lui],33.33,-117.17,#76A1A2,Uto-Aztecan,North,USA
Luo [luo],-0.4,34.4,#C6739E,Nilo-Saharan,East_Sudanic,Kenya
Lushootseed [lut],48,-122,#AFCE51,Salish,Central,USA
Luvale [lue],-12,22,#C86581,Niger-Kongo,Bantoid,Angola
Ma'ya [slz],-1.25,130.92,#A86972,Malayo-Polynesian,Eastern Malayo-Polynesian,Indonesia
Maanyan [mhy],-2,115,#C7977A,Malayo-Polynesian,Barito,Indonesia
Maasai [mas],-3,36,#C69B95,Nilo-Saharan,East_Sudanic,Tanzania
Maba [mde],13.75,20.83,#5E3C84,Nilo-Saharan,Maban,Chad
Macedonian [mkd],41.6,22,#98BA65,Indo-European,Balto-Slavic,Macedonia
Macushi [mbc],4.5,-60,#5795B4,Cariban,Venezuelan,Brazil
Madi [mhi],3.45,31.17,#803A93,Nilo-Saharan,Central_Sudanic,Uganda
Madimadi [xxx-18],-34.5,143.5,#8DD788,Pama-Nyungan,Kulin,Australia
Madurese [mad],-7.25,113.333,#D4B080,Malayo-Polynesian,Malayo-Sumbawan,Indonesia
Magahi [mag],25,85,#2E9C65,Indo-European,Indo-Iranian,India
Magar [mgp],28,83,#3A9971,Tibeto-Burman,Magar,Nepal
Magi [mgu],-10.25,149,#497E98,Trans New Guinea,Southeast,Papua New Guinea
Mahali [mjx],22.85,87.1,#44A380,Austroasiatic,Munda,India
MaiBrat [ayz],-1.25,132.667,#AD3553,West Papuan,Birds Head,Indonesia
Maidu [nmu],40,-120.67,#39A18B,Maiduan,,USA
Mairasi [zrs],-3.5,134,#774EA3,Tanah Merah-Mairasi,,Indonesia
Maisin [mbq],-9.5,149.167,#6E4487,Oceanic,Western Oceanic,Papua New Guinea
Maithili [mai],26.5,86,#57AE6C,Indo-European,Indo-Iranian,India
Majang [mpe],7.6,34.95,#AD9A81,Nilo-Saharan,East_Sudanic,Ethiopia
Majhi [mjz],27.25,86.15,#39957E,Indo-European,Indo-Iranian,Nepal
Mak [mkg],26,107.75,#BC8065,Tai-Kadai,South,China
Makah [myh],48.33,-124.67,#9AE488,Wakashan,South,USA
Makasai [mkz],-8.5,126.5,#745FA5,Timor-Alor-Pantar,Mainland,Timor leste
Makassar [mak],-5.417,119.583,#D0B688,Malayo-Polynesian,Greater South Sulawesi,Indonesia
Makhuwa-Enehara [vmw],-15,39,#B15883,Niger-Kongo,Bantoid,Mozambique
Maklew [mgf],-7.583,140.167,#6C5DBD,Bulaka,,Indonesia
Mako [wpc],4.215,-65.742,#6F6881,Sáliba-Piaroa,,Venezuela
Makua [vmw],-15,38,#BC6374,Niger-Kongo,Bantoid,Mozambique
Malagasy [bhr],-20,47,#CAA99C,Malayo-Polynesian,Barito,Madagascar
MalakMalak [mpb],-13.417,130.417,#7570BB,Northern Daly,,Australia
Malay [zlm],3.13,101.68,#C39079,Malayo-Polynesian,Malayo-Sumbawan,Malaysia
Malayalam [mal],8.5,77,#31824D,Dravidian,South,India
Maleu [mgl],-5.667,148.333,#B43A64,Oceanic,Western Oceanic,Papua New Guinea
Malgana [vml],-26,115,#4EA48A,Pama-Nyungan,Kardu,Australia
Mali [gcc],-4.833,152.25,#A16D7A,Baining,,Papua New Guinea
Malto [kmj],25,87.333,#318173,Dravidian,North,India
Mam [mvc],15.25,-92,#BADE7B,Mayan,Quiche-Mam,Guatemala
Mamainde [wmd],-13.5,-60,#527080,Nambikwara,,Brazil
Mamanwa [mmn],9.417,125.5,#BAE581,Malayo-Polynesian,Philippines,Philippines
Mambai [mgm],-8.75,125.42,#AB4060,Malayo-Polynesian,Timoric,Timor leste
Mambwe [mgr],-9,31,#C34A6B,Niger-Kongo,Bantoid,Zambia
Manadonese [xmm],1.5,124.833,#A69F7A,Malayo-Polynesian,Malayo-Sumbawan,Indonesia
Manam [mva],-4.083,145.083,#7C62AF,Oceanic,Western Oceanic,Papua New Guinea
Manange [nmm],28.667,84.08,#378F5B,Tibeto-Burman,Bodic,Nepal
Manchu [mnc],45,125,#329A77,Tungusic,South,China
Mandan [mhq],46,-100,#5860B1,Siouan,Western,USA
Mandarin_Beijing [cmn],40,116.75,#73A54C,Tibeto-Burman,Sinitic,China
Mandinka [man],13,-15.67,#A17082,Mande,Western,Senegal
Mandinka_Gambia [mnk],13,-15,#756F9B,Mande,Western,Gambia
MangapMbula [mna],-5.667,148.083,#A94246,Oceanic,Western Oceanic,Papua New Guinea
Mangbetu [mdj],2.5,27,#B1538B,Nilo-Saharan,Central_Sudanic,Democratic Republic of the Congo
Manggarai [mqy],-8.667,120.333,#B97773,Malayo-Polynesian,Flores-Sawu-Sumba,Indonesia
Manggarayi [mpc],-14.667,133.5,#818882,Gunwinyku,Mang,Australia
Maninka [emk],13,-10,#7C5D9B,Mande,Western,Mali
Manobo_Western Bukidnon [mbb],7.667,124.833,#C1DD8B,Malayo-Polynesian,Philippines,Philippines
Mansi [mns],62,62,#42B173,Uralic,Ugric,Russia
Manx [glv],56.2,-4.5,#B2A983,Indo-European,Celtic,Britain
Maonan [mmd],25,108.5,#8C787D,Tai-Kadai,South,China
Maori [mri],-39,176.5,#C398AE,Oceanic,Central Pacific,New Zealand
Mapudungun [arn],-36,-72,#6AC15B,Araucanian,,Chile
Mara [mec],-15.1,135.2,#8EA1B6,Mara-Warndarang-Alawa,,Australia
Maranungku [zmr],-13.5,130,#7E63AC,Western Daly,,Australia
Marathi [mar],18,74.5,#357F3F,Indo-European,Indo-Iranian,India
Margany [zmc],-26.5,145,#579BA9,Pama-Nyungan,GreaterMari,Australia
Margi [mrt],11,13,#B93252,Afro-Asiatic,Chadic,Nigeria
Mari_Meadow [mhr],57,48,#3DBA86,Uralic,Mari,Russia
Maricopa [mrc],33.17,-113.17,#554EB3,Yuman-Cochimi,Yuman,USA
Marind [mrz],-8,140.5,#508683,Marind,,Indonesia
Maringarr [zmt],-14.25,130,#696BC8,Western Daly,,Australia
Marquesan_Ua Pou [mrq],-9.33,-140,#B5C798,Oceanic,,French Polynesia
Marrithiyel [mfr],-13.833,130,#6A6CC9,Western Daly,,Australia
Marshallese [mah],12.5,162.5,#BB8781,Oceanic,Micronesian,USA Federated States of Micronesia
Martuthunira [vma],-21,116.5,#94A19B,Pama-Nyungan,Pilbara,Australia
Maru [mhx],24.9,94.9,#556D87,Tibeto-Burman,Lolo-Burmese,Myanmar
Matbat [xmt],-2,130.33,#A1596C,Malayo-Polynesian,Eastern Malayo-Polynesian,Indonesia
Matengo [mgv],-11,34.67,#B65473,Niger-Kongo,Bantoid,Tanzania
Matngele [zml],-13.833,130.417,#7863C4,East Daly,,Australia
Matsigenka [mcb],-12,-70.4,#B9D592,Arawak,South-Southwest,Peru
Maung [mph],-11.917,133.5,#A3B36A,Iwaidjan,,Australia
Maxakali [mbl],-18,-40,#8B6690,Macro-Je,Maxakalí,Brazil
Mbabaram [vmb],-16.85,144.8,#42897D,Pama-Nyungan,,Australia
Mbaham [bdw],-3,132.5,#5B42AA,Trans New Guinea,Bomberai,Indonesia
Mbai [myb],8,17.5,#B74266,Nilo-Saharan,Central_Sudanic,Chad
Mbum [mdd],7.8,13.1,#B13349,Adamawa-Ubangi,Adamawa,Cameroon
Mehri [gdq],16,52,#CF8957,Afro-Asiatic,Semitic,Yemen
Meitei [mni],24.75,94,#4A5C72,Tibeto-Burman,Meitei,India
Mekens [skf],-12.5,-61.5,#5E6472,Tupi,Tupari,Brazil
Mekeo [mek],-8.5,146.467,#6E488C,Oceanic,Western Oceanic,Papua New Guinea
Melanau [mel],4.4,114,#C3998F,Malayo-Polynesian,Malayo-Sumbawan,Malaysia
Memba [tsj-2],29,94.8,#486077,Tibeto-Burman,Bodic,India
Mende [men],8,-11.5,#866EBA,Mande,Western,Sierra Leone
Menominee [mez],45.5,-88.33,#78C19A,Algic,Algonquian,USA
Mentawai [mwv],-1.5,99,#D2C6AA,Malayo-Polynesian,Batak-Barrier Islands,Indonesia
Menya [mcr],-7.25,146,#67488A,Trans New Guinea,Angan,Papua New Guinea
Meryam Mir [ulk],-9.92,144.08,#55A985,Eastern Trans Fly,,Australia
Meteq [xem],0.7,110.5,#BCB383,Malayo-Polynesian,Land Dayak,Indonesia
Meyah [mej],-1,133.667,#A63850,East Bird's Head,,Indonesia
Mian [mpt],-4.667,141.25,#4B6470,Trans New Guinea,Ok,Papua New Guinea
Mien [ium-6],24.583,112.267,#A68165,Hmong-Mien,Mienic,China
Mien_Yao [ium],20.833,101.167,#918576,Hmong-Mien,Mienic,Laos
Miji [sjl],27.54,92.6,#59537F,Tibeto-Burman,Hrusish,India
Miju [mxj],28,97,#307591,Tibeto-Burman,Kaman,India
Milang [xxx-122],28.6,94.5,#38696E,Tibeto-Burman,Siangic,India
Mina [gej],6.6,1.5,#B74A5C,Niger-Kongo,Kwa,Togo
Minangkabau [min],0,100.167,#B08983,Malayo-Polynesian,Malayo-Sumbawan,Indonesia
Miriwung [mep],-15.667,129,#67C597,Jarrakan,,Australia
Mising [mrg],27.5,94.3,#447266,Tibeto-Burman,Tani,India
Miskito [miq],14.1,-83.6,#4A796D,Misumalpan,,Nicaragua
Miwok [skd],37.5,-120,#63C68F,Miwok,Eastern,USA
Mixe [mco],17,-95.5,#7BC170,Totozoquean-Chitimacha,Totozoquean,Mexico
Mixtec [mim],17,-99,#CDB9A5,Otomanguean,Mixtecan,Mexico
Miya [mkf],11,10,#CB826E,Afro-Asiatic,Chadic,Nigeria
Mizo [lus],23.167,92.833,#584372,Tibeto-Burman,Kuki-Chin-Naga,India
Mlabri [mra],18.833,101,#A66172,Austroasiatic,Mlabri,Thailand
Mnar [pbv-2],25.9,91.58,#CF8C69,Austroasiatic,Khasic,India
Mocoví [moc],-27,-62,#ADD062,Guaicuruan,Southern,Argentina
Mofu [mif],10.5,14.2,#CD4C7A,Afro-Asiatic,Chadic,Cameroon
Moghol [mhj],35,62,#4DA076,Mongolic,Western,Afghanistan
Mohave [mov],34.67,-114.58,#5350B3,Yuman-Cochimi,Yuman,USA
Mohawk [moh],45.5,-73.5,#69BF8C,Iroquoian,Northern,Canada
Moken [mwt],11,98.5,#C55E7D,Malayo-Polynesian,Malayo-Sumbawan,Myanmar
Mokilese [mkj],6.667,159.75,#C1868F,Oceanic,Micronesian,USA Federated States of Micronesia
Mombum [mso],-8.167,139.083,#4971B0,Trans New Guinea,Mombum,Indonesia
Momu [fqs],-3.167,141.667,#4E708F,Kwomtari,,Papua New Guinea
Mon [mnw],15,100,#BC5E7E,Austroasiatic,Mon,Thailand
Mongguor [mjg],36,102,#43A687,Mongolic,Eastern,China
Mongo_Oli [lol],4.1,9.5,#C74A81,Niger-Kongo,Bantoid,Cameroon
Mongolian [mon],50,105,#327740,Mongolic,Eastern,Mongolia
Moni [mnz],-3.583,136.833,#44776E,Trans New Guinea,Wissel Lakes,Indonesia
Mono [mnr],38,-119,#73AE9C,Uto-Aztecan,North,USA
Mooré [mos],12.83,-1.25,#A04A72,Niger-Kongo,Gur,Burkina Faso
Mor [mhz],-2.917,135.75,#A72F54,Malayo-Polynesian,Eastern Malayo-Polynesian,Indonesia
Mor [moq],-2.833,132.75,#5C4EB6,Mor,,Indonesia
Mordvin [myv],53,45.5,#7EAD77,Uralic,Mordvinic,Russia
Moro [mor],11,30.17,#BE6B82,Kordofanian,Heiban,Sudan
Morori [mok],-8.5,140.667,#63448B,Morori,,Indonesia
Moru [mgd],4.75,29.75,#88428A,Nilo-Saharan,Central Sudanic,Sudan
Moseten [cas-2],-14.5,-68,#9BA886,Moseten,,Bolivia
Motu [meu],-9.5,147.25,#65537A,Oceanic,Western Oceanic,Papua New Guinea
Motuna [siw],-6.617,155.417,#646A97,East Bougainville,,Papua New Guinea
Mpur [akc],-0.833,133,#AA3051,West Papuan,Birds Head,Indonesia
Mru [mro-2],21.45,92.5,#7D4C6D,Tibeto-Burman,Mru,Bangladesh
Muak Sa-aak [ukk],21.183,100.367,#C76787,Austroasiatic,Palaungic,Myanmar
Mualang [mtd],0.8,111,#C66FA4,Malayo-Polynesian,Malayo-Sumbawan,Indonesia
Mudukumo [bwm],-4.367,143.867,#3E8857,Yuat,,Papua New Guinea
Mulao [mlm],24.25,109,#AC7E68,Tai-Kadai,South,China
Mumuye_Zinna [mzm],8.75,11.5,#AF4C68,Adamawa-Ubangi,Adamawa,Nigeria
Muna [mnb-2],-5,122.417,#CDA19F,Malayo-Polynesian,Celebic,Indonesia
Mundang [mua],10.1,14.45,#C05066,Adamawa-Ubangi,Adamawa,Chad
Mundari [unr],24,86.167,#409969,Austroasiatic,Munda,India
Murinbata [mwf],-14.667,129.667,#996099,Southern Daly,,Australia
Murle [mur],6,33.75,#C18CB4,Nilo-Saharan,East_Sudanic,Sudan
Mursi [muz],5.58,36.08,#B95B9A,Nilo-Saharan,East_Sudanic,Ethiopia
Muruwari [zmu],-29,146.75,#66AE97,Pama-Nyungan,Central New South Wales,Australia
Musgu [mug],11,15,#B2344B,Afro-Asiatic,Chadic,Cameroon
Musom [msu],-6.5,146.917,#BC4A83,Oceanic,Western Oceanic,Papua New Guinea
Mussau [emi],-1.5,149.667,#B5A06E,Oceanic,StMatthias,Papua New Guinea
Mustang [loy],29.18,83.96,#4F599D,Tibeto-Burman,Bodic,Nepal
Mutsun [css-2],36.83,-121.5,#9DC16F,Yok-Utian,Costanoan,USA
Mwani [wmw],-12.15,40.57,#B45D71,Niger-Kongo,Bantoid,Mozambique
Mwera [mwe],-10,39,#C05379,Niger-Kongo,Bantoid,Tanzania
Mwotlap [mlv],-13.7,167.63,#AA629A,Oceanic,Southern Oceanic,Vanuatu
Na [nbf-2],27.2,101,#3D7C7E,Tibeto-Burman,Naxi,China
Nabak [naf],-6.5,147,#6757C9,Trans New Guinea,Finisterre-Huon,Papua New Guinea
Nadëb [mbj],-0.2,-67,#467DB0,Nadahup,,Brazil
Nahali [nlx],24,77.5,#3DB27A,Nahali,,India
Nahavaq [sns],-16.53,167.123,#C16480,Oceanic,Southern Oceanic,Vanuatu
Nakanai [nak],-5.5,150.833,#C57971,Oceanic,Western Oceanic,Papua New Guinea
Nakkara [nck],-12.117,134.417,#8A8E9A,Maningrida,,Australia
Nalik [nal],-2.917,151.333,#C16691,Oceanic,Western Oceanic,Papua New Guinea
Nama [naq],-23.5,22,#42AC68,Khoe,Khoe,Botswana
Namakir [nmk],-17,168.583,#BF4A68,Oceanic,Southern Oceanic,Vanuatu
Namia [nnm],-3.833,141.75,#643994,Sepik,Yellow River,Papua New Guinea
Nanchang [gan],28.7,115.9,#71A752,Tibeto-Burman,Sinitic,China
Nancowry [ncb],8,93.5,#C4C497,Austroasiatic,Nicobar,India
Nandi [kln],0.25,35,#D36C71,Nilo-Saharan,Nilotic,Kenya
Nankina [nnk],-5.75,146.5,#4E3298,Trans New Guinea,Finisterre-Huon,Papua New Guinea
Nar_Phu [npa],28.68,84.2,#3F6691,Tibeto-Burman,Bodic,Nepal
Nara [nrb],16,37.5,#7266AB,Nilo-Saharan,East_Sudanic,Eritrea
Nasioi [nas],-6.333,155.583,#3F7F56,East Bougainville,,Papua New Guinea
Natchez [ncz],31.75,-91.33,#5E4FA7,Natchez,,USA
Nauru [nau],-0.5,166.917,#BE8B6E,Oceanic,Micronesian,Nauru
Navajo [nav],36.17,-108,#63759C,Dene-Yeniseic,Na-Dene,USA
Naxi [nbf],27.5,100,#897097,Tibeto-Burman,Naxi,China
Ndebele [nbl],-20,28.5,#B2585A,Niger-Kongo,Bantoid,Zimbabwe
Ndjébbana [djj],-12.167,134.117,#6074C0,Maningrida,,Australia
Ndonga [ndo],-18,17,#CB6490,Niger-Kongo,Bantoid,Namibia
Ndumu [nmd],-1.75,13.6,#A93059,Niger-Kongo,Bantoid,Gabon
Ndut [ndv],14.92,-16.92,#C84E71,Niger-Kongo,Atlantic,Senegal
Nehan [nsn],-4.5,154.167,#C78F85,Oceanic,Western Oceanic,Papua New Guinea
Nelemwa [nee],-20.25,164.083,#C35076,Oceanic,Southern Oceanic,New Caledonia
Nen [nqn],-8.6,142.1,#7B7081,South New Guinea,,Papua New Guinea
Nenets [yrk],70,76,#42AC76,Uralic,Samoyedic,Russia
Nengone [nen],-21.5,167.667,#BB9489,Oceanic,Southern Oceanic,New Caledonia
Neo-Aramaic [trg],36.2,43.75,#8E8C91,Afro-Asiatic,Semitic,Iraq
Nepali [nep],28.72,82,#3A995A,Indo-European,Indo-Iranian,Nepal
Nepali_hill [nep-2],28,84.33,#3F9A5B,Indo-European,Indo-Iranian,Nepal
Nevome [ood-2],19,-98.25,#50BB83,Uto-Aztecan,South,Mexico
Newar_Kathmandu [new],27.5,85.333,#397965,Tibeto-Burman,Newaric,Nepal
Newari_Dolakha [new-2],27.58,86.667,#369054,Tibeto-Burman,Newaric,Nepal
Nez Perce [nez],46,-117,#7DD480,Sahaptian,,USA
Ngaanyatjarra [ntj],-27.5,126,#5D4BB7,Pama-Nyungan,Western Desert,Australia
Ngabere [gym],8.5,-81,#6F60A8,Chibchan,West,Panama
Ngadha [nxg],-8.833,121,#B98397,Malayo-Polynesian,Flores-Sawu-Sumba,Indonesia
Ngadjunmaya [nju],-32,123.5,#6B69CD,Pama-Nyungan,Western bight,Australia
Ngalakgan [nig],-14.5,134.833,#6A7B95,Gunwinyku,Bak,Australia
Nganasan [nio],71,93,#4C9A87,Uralic,Samoyedic,Russia
Ngandi [nid],-13.5,135,#7E99AC,Gunwinyku,Bak,Australia
Ngankikurungkurr [nam-2],-14,130.5,#809EAD,Southern Daly,,Australia
Ngarinyeri [nay],-35.6,139.1,#669A7B,Pama-Nyungan,,Australia
Ngarinyin [ung],-16.25,126.5,#8E61A4,Wororan,,Australia
Ngarla [nlr],-20.33,119.5,#668987,Pama-Nyungan,Pilbara,Australia
Ngawun [nxn],-19.5,141.5,#86D089,Pama-Nyungan,Mayi,Australia
Ngbaka [nga],4.25,21.17,#AB5340,Adamawa-Ubangi,Ubangi,Democratic Republic of the Congo
Ngiti [niy],1.33,30.25,#5BBF7C,Nilo-Saharan,Lendu,Democratic Republic of the Congo
Ngiyambaa [wyb],-31.75,145.5,#68AC91,Pama-Nyungan,Central New South Wales,Australia
Ngizim [ngi],12.08,10.92,#AB3372,Afro-Asiatic,Chadic,Nigeria
Nguna [llp],-17.5,168.333,#C55E7D,Oceanic,Southern Oceanic,Vanuatu
Ngwe [nwe ],5.488,9.856,#A95630,Niger-Kongo,Bantoid,Cameroon
Nhanda [nha],-27.5,114.75,#6196C7,Pama-Nyungan,Kardu,Australia
Nias [nia],1,97.5,#D8B19B,Malayo-Polynesian,Batak-Barrier Islands,Indonesia
Nimboran [nir],-3.083,140.167,#51619B,Trans New Guinea,Nimboran,Indonesia
Nisenan [nsz],39.33,-120.83,#55A864,Maiduan,,USA
Nisgha [ncg],55,-130,#C2CB71,Tsimshian,,Canada
Nishi [dap],27.7,94.2,#5A6C88,Tibeto-Burman,Tani,India
Niue [niu],-19,-169.5,#CDAA8E,Oceanic,Central Pacific,Niue
Nivkh [niv],53.333,142,#367337,Chukotko-Kamchatkan,Nivkh,Russia
Nkonya [nko],7.2,0.2,#A14179,Niger-Kongo,Kwa,Ghana
Nkore-Kiga [cgg],-0.92,29.83,#C84467,Niger-Kongo,Bantoid,Uganda
Nobiin [fia],21,31,#417483,Nilo-Saharan,Nubian,Sudan
Nocte [njb],27,95.5,#3E7592,Tibeto-Burman,Konyak,India
Noni [nhu],6.42,10.58,#BC5364,Niger-Kongo,Bantoid,Cameroon
Nonthaburi Malay [xxx-20],13.92,100.4,#CB6C95,Malayo-Polynesian,Malayo-Sumbawan,Thailand
Norwegian [nob],62,8,#97A85C,Indo-European,Germanic,Norway
Nuaulu [nxl],-3.25,129.083,#9C4372,Malayo-Polynesian,Central Maluku,Indonesia
Nubi [kcn],0.6,32.55,#B55A80,Afro-Asiatic,Semitic,Uganda
Nubian [kzh],12.5,31,#515FA4,Nilo-Saharan,East_Sudanic,Sudan
Nubian_Kunuz [kzh-2],23,33,#5A59A1,Nilo-Saharan,Nubian,Egypt
Nubri [kte],28.64,84.61,#4D5578,Tibeto-Burman,Bodic,Nepal
Nubri_lower [kte-2],28.53,84.79,#4E5779,Tibeto-Burman,Bodic,Nepal
Nuer [nus],8.6,33.3,#AC6EA9,Nilo-Saharan,East_Sudanic,Sudan
Nung [nut],21.917,106.5,#B97574,Tai-Kadai,South,Vietnam
Nunggubuyu [nuy],-13.75,135.667,#7DB69A,Gunwinyku,Bak,Australia
Nyaheun [nev],15,107,#AF5486,Austroasiatic,Bahnaric,Laos
Nyahkur [cbn],15.67,101.67,#BD6078,Austroasiatic,Mon,Thailand
Nyangumarta [nna],-20,121,#71DF8A,Pama-Nyungan,Marngu,Australia
Nyawaygi [nyt],-19,145.9,#6A7AAF,Pama-Nyungan,Dyirbalic,Australia
Nyigina [nyh],-18,124.333,#96B98D,Nyulnyul,East,Australia
Nyimang [nyi],12.1,29.4,#6F69A9,Nilo-Saharan,East_Sudanic,Sudan
Nyulnyul [nyv],-17,123,#90D66E,Nyulnyul,West,Australia
Nyungar [nys],-33.75,116,#595EB7,Pama-Nyungan,South-west,Australia
Nzadi [xxx-48],-4.05,19.65,#C05882,Niger-Kongo,Bantoid,Democratic Republic of the Congo
Nzakara [nzk],4.5,22.5,#9C493C,Adamawa-Ubangi,Ubangi,Central African Republic
O'odham [ood],32,-112,#96D876,Uto-Aztecan,South,USA
Obokwi [afz],-2.767,138,#823C75,Lakes Plains,Eastern,Indonesia
Obolo [ann],4.58,7.83,#BC685E,Niger-Kongo,CrossRiver,Nigeria
Ogami [mvi],24.9,125.3,#33925A,Japonic,Ryukyuan,Japan
Oirata [oia],-8.083,127.167,#783A75,Timor-Alor-Pantar,Mainland,Indonesia
Ojibwe [ojg],49,-92.5,#9CE98B,Algic,Algonquian,Canada
Oksapmin [opm],-5.167,142.167,#508D88,Trans New Guinea,Oksapmin,Papua New Guinea
Olekha [ole],27.2,90,#367E50,Tibeto-Burman,Black Mountain,Bhutan
Olo [ong],-3.25,142.167,#AD3553,Torricelli,Wapei,Papua New Guinea
Omaha [oma],42,-97.25,#7F5883,Siouan,Western,USA
Ometo [wal],6.6,37.75,#33A77E,Afro-Asiatic,Omotic,Ethiopia
Omie [aom],-9.083,148.167,#5471AB,Trans New Guinea,Koiari,Papua New Guinea
One [aun],-3.417,141.833,#858745,Torricelli,West Wapei,Papua New Guinea
Oneida [one],43,-75.67,#A3C4A3,Iroquoian,Northern,USA
Ong Be [onb],19.8,110,#C36277,Tai-Kadai,South,China
Onge [oon],10.75,92.5,#376465,Andaman,,India
Onin [oni],-2.833,132.083,#A33860,Malayo-Polynesian,North Bomberai,Indonesia
Ono [ons],-6.083,147.583,#6E5EBE,Trans New Guinea,Finisterre-Huon,Papua New Guinea
Oraon [kru],25.75,88.75,#429457,Dravidian,North,Bangladesh
Ordos [mvf],39,109,#308D5F,Mongolic,Eastern,China
Oriya [ori],21,85,#34905F,Indo-European,Indo-Iranian,India
Ormuri_Khaniguram [oru-2],32.52,70,#5CA088,Indo-European,Indo-Iranian,Afghanistan
Ormuri_Logar [oru],33.25,69.5,#5CA088,Indo-European,Indo-Iranian,Pakistan
Orok [oaa],49.5,143.5,#3F8681,Tungusic,South,Russia
Orokaiva [ork],-8.75,148.25,#694DA0,Trans New Guinea,Binanderean,Papua New Guinea
Oromo [hae],9,37,#8364A5,Afro-Asiatic,Cushitic,Ethiopia
Osage [osa],37,-94,#4D5283,Siouan,Western,USA
Ossetian [oss],42.24,44,#4FA777,Indo-European,Indo-Iranian,Georgia
Ostyak [kca-2],61,75,#41964D,Uralic,Ugric,Russia
Otomi [otm],21,-99.5,#B7E373,Otomanguean,Otopamean,Mexico
P'urhépecha [tsz],19,-102,#A28C76,P'urhépecha,,Mexico
Pa'a [pqa],11,9.25,#AC7064,Nilo-Saharan,Central_Sudanic,Nigeria
Paamese [pma],-16.5,168.333,#B55788,Oceanic,Southern Oceanic,Vanuatu
Pacoh [pac],16.42,107.08,#BD7E67,Austroasiatic,Katuic,Vietnam
Paez [pbb],3,-76,#3F8A92,Paez,,Colombia
Pagu [pgu],1.1,127.7,#82549A,West Papuan,North Halmahera,Indonesia
Paiute_Northern [pao],40.75,-118,#5DBF91,Uto-Aztecan,North,USA
Paiwan [pwn],22.333,120.833,#B6E585,Austronesian,Paiwanic,Taiwan
Palauan [pau],7.167,134.5,#9DAA66,Malayo-Polynesian,Palauan,Palau
Palaung [plw],22.667,96.4,#C47C89,Austroasiatic,Palaungic,Myanmar
Palawan [plc],9.5,118.5,#ACDD86,Malayo-Polynesian,Philippines,Philippines
Palikúr [plu],3,-51,#919F66,Arawak,East,Brazil
Palue [ple],-8.333,121.75,#AE9299,Malayo-Polynesian,Flores-Sawu-Sumba,Indonesia
Palula [phl],35.4,71.75,#469D64,Indo-European,Indo-Iranian,Pakistan
Panare [pbh],6.733122,-66.048767,#69B688,Cariban,Venezuelan,Venezuela
Pangasinan [pag],15.917,120.333,#C4E284,Malayo-Polynesian,Philippines,Philippines
Panyjima [pnw],-22.833,118,#45A673,Pama-Nyungan,Pilbara,Australia
Pare [asa],-4,36.5,#BA7A83,Niger-Kongo,Bantoid,Tanzania
Pashto [pst],35,65,#549A5A,Indo-European,Indo-Iranian,Afghanistan
Passamaquoddy-Maliseet [pqm],45,-67,#96D369,Algic,Algonquian,USA
Patep [ptp],-7,146.667,#A2355D,Oceanic,Western Oceanic,Papua New Guinea
Pattani [lae],32.6,77.2,#3E8F5C,Tibeto-Burman,Western Himalayan,India
Paulohi [plh],-3.3,128.8,#BF637E,Malayo-Polynesian,Central Maluku,Indonesia
Paumarí [pad],-7,-64.5,#82A9D6,Arawá,,Brazil
Pawaian [pwa],-7,145.25,#325C6A,Trans New Guinea,Pawaian,Papua New Guinea
Pawnee [paw],41,-98.67,#72867E,Caddoan,Northern,USA
Pech [pay],15,-85.5,#6455A6,Chibchan,East,Honduras
Pendau [ums],0,119.83,#C48EAC,Malayo-Polynesian,Celebic,Indonesia
Pero [pip],9.58,11,#B45166,Afro-Asiatic,Chadic,Nigeria
Pilagá [plg],-25,-60,#C8A87E,Guaicuruan,Southern,Argentina
Pima Bajo [pia],29,-111,#65B88B,Uto-Aztecan,South,Mexico
Pingjiang [gan-6],28.76,113.67,#719C5C,Tibeto-Burman,Sinitic,China
Pipil [ppl],13.85,-89.55,#BDD790,Uto-Aztecan,South,El Salvador
Pirahã [myp],-7.33,-62,#5D3887,Mura,,Brazil
Pisa [psa],-6,139.25,#535C7E,Trans New Guinea,Awyu-Dumut,Indonesia
Pitjantjatjara [pjt],-26.833,130,#5D3AA0,Pama-Nyungan,Western Desert,Australia
Pitta-Pitta [pit],-23.5,121,#719AE1,Pama-Nyungan,Karnic,Australia
Pitu Ulunna Salu [ptu],-3.083,119.083,#BAA173,Malayo-Polynesian,Greater South Sulawesi,Indonesia
Plang [blr-2],23.4,100.1,#BE9677,Austroasiatic,Palaungic,China
Pnar [pbv],25,92.5,#BC9084,Austroasiatic,Khasic,India
Polish [pol],52,20,#ADC863,Indo-European,Balto-Slavic,Poland
Pomo_Eastern [peb],39,-122.67,#4061AF,Pomoan,Eastern,USA
Pomo_Southeastern [pom],38.83,-122.5,#3A98A2,Pomoan,Southeastern,USA
Ponapean [pon],6.883,158.25,#B8769C,Oceanic,Micronesian,USA Federated States of Micronesia
Portuguese [por],39,-8,#B1A06D,Indo-European,Romance,Portugal
Pulaar [fuc],15.6,-15.2,#CA627E,Niger-Kongo,Atlantic,Senegal
Puluwat [puw],7.333,149.333,#A8906D,Oceanic,Micronesian,USA Federated States of Micronesia
Pumi [pmi],28,101,#4B627A,Tibeto-Burman,Qiangic,China
Pungupungu [wdj],-13.5,130.417,#5D63BE,Western Daly,,Australia
Punjabi [pan],31,75,#53A566,Indo-European,Indo-Iranian,India
Purik [prx],34.55,76.15,#327785,Tibeto-Burman,Bodic,India
Puroik [suv],28,93,#664B7E,Tibeto-Burman,Tani,India
Puxi [jih],32.25,101.95,#46785F,Tibeto-Burman,Qiangic,China
Puyuma [pyu],22.833,121.083,#D6D39C,Austronesian,Puyuma,Taiwan
Qawésqar [alc],-50,-75,#3B7F9D,Alaculufan,,Chile
Qiandong_Hmong [hmq],26.67,108.32,#AF7574,Hmong-Mien,Hmongic,China
Qiang [qxs],32,103.5,#476AA0,Tibeto-Burman,Qiangic,China
Quechan [yum],32.83,-114.33,#5C57AF,Yuman-Cochimi,Yuman,USA
Quechua_Cusco  [quz],-13.5,-72,#36A168,Quechuan,II-C,Peru
Quechua_Huallaga [qvh],-6,-76,#3E966B,Quechuan,I,Peru
Quechua_Imbabura [qvi],0.33,-78.33,#46B073,Quechuan,II-B,Ecuador
Quechua_Yauyos [qvi-2],-12.62,-75.7,#45A867,Quechuan,I,Peru
Quileute [qui],47.925,-124.25,#A8ED99,Chimakuan,,USA
Rabha [rah],26.1,90.25,#1F8775,Tibeto-Burman,Bodo-Garo,India
Rajasthani [raj],26.57,73.83,#519E62,Indo-European,Indo-Iranian,India
Rajbangshi [rkt],26.5,88.5,#3BA15A,Indo-European,Indo-Iranian,India
Raji [rji],29,81.15,#359766,Tibeto-Burman,Western Himalayan,Nepal
Rama [rma],11.5,-83.9,#5468BC,Chibchan,East,Nicaragua
Rana_Tharu [thr],28.68,80.6,#3D9E73,Indo-European,Indo-Iranian,Nepal
Rapa_Nui [rap],-27.333,-110,#CEA172,Oceanic,Central Pacific,Chile
Ratahan [rth-2],1.08,124.83,#D5B586,Malayo-Polynesian,Philippines,Indonesia
Raute [rau],28.6,81.5,#3A9963,Tibeto-Burman,Western Himalayan,Nepal
Rawa [rwo],-5.833,145.917,#626AB3,Trans New Guinea,Finisterre-Huon,Papua New Guinea
Rawang [raw],27.5,97.5,#556C82,Tibeto-Burman,Nungish,Myanmar
Rawo-Poko [rwa],-2.8,141.583,#7B3B86,Skou,Central,Papua New Guinea
Remo [bfw],18.333,82.333,#34917A,Austroasiatic,Munda,India
Rennellese [mnv],-11.85,160.33,#A9D594,Oceanic,Central Pacific,Solomons
Resigaro [rgr],-2.5,-71.25,#58C393,Arawak,North,Peru
Rgyalthang [khg-7],27.833,99.7,#3C639F,Tibeto-Burman,Bodic,China
Riff [rif],34,-3.75,#C9937A,Afro-Asiatic,Berber,Morocco
Ritharngu [rit],-12.833,135.5,#6A899D,Pama-Nyungan,Yolngu,Australia
Rohingya [rhg],20.82,92.37,#2E7C3E,Indo-European,Indo-Iranian,Myanmar
Roma [rmm],-7.2,128.583,#AF5770,Malayo-Polynesian,Southeast Maluku,Indonesia
Romanian [ron],45,27,#B2A38A,Indo-European,Romance,Romania
Romansh [roh],46.8,9.4,#B5915A,Indo-European,Romance,Switzerland
Romany [rmy],45,21,#56AF56,Indo-European,Indo-Iranian,Romania
Ronga [rng],-26,32.5,#CB7268,Niger-Kongo,Bantoid,Mozambique
Rongpo [rnp],30.9167,79.5,#339673,Tibeto-Burman,Western Himalayan,India
Roro [rro],-8.75,146.58,#644895,Oceanic,Western Oceanic,Papua New Guinea
Rote [twu],-10.75,123.25,#AD6770,Malayo-Polynesian,Timoric,Indonesia
Rotokas [roo],-6,155.17,#609786,West Bougainville,,Papua New Guinea
Rotuman [rtm],-12.333,177,#C8596E,Oceanic,Central Pacific,Fiji
Roviana [rug],-8.25,157.333,#CAB1A8,Oceanic,Western Oceanic,Solomons
Rukai [dru],22.833,120.833,#99EB9F,Austronesian,Rukai,Taiwan
Rumsen [css],36.55,-121.93,#B7D7B4,Yok-Utian,Costanoan,USA
Runyankore [nyn],-0.5,30.5,#C15082,Niger-Kongo,Bantoid,Uganda
Russian [rus],55,38,#A7BE64,Indo-European,Balto-Slavic,Russia
Saa [apb],-9.5,161.583,#B97378,Oceanic,Southeast Solomonic,Solomons
Sabanê [sae],-12,-60,#616889,Nambikwara,,Brazil
Sadu [xxx-63],24.35,102.525,#604781,Tibeto-Burman,Lolo-Burmese,China
Sahaptin [uma],45.67,-120,#9FFF90,Sahaptian,,USA
Sahu [saj],1,127.417,#A25187,West Papuan,North Halmahera,Indonesia
Sakao [sku],-15,166.783,#C84E71,Oceanic,Southern Oceanic,Vanuatu
Saliba [sbe],-10.667,150.75,#676894,Oceanic,Western Oceanic,Papua New Guinea
Salinan [sln],36,-121,#A5CF96,Salinan,,USA
SaltYui [sll],-6.283,145,#4F5AAC,Trans New Guinea,Chimbu,Papua New Guinea
Samba [ndi],8.35,12.25,#963C73,Adamawa-Ubangi,Adamawa,Nigeria
Sami [sme],70,28,#62AD6A,Uralic,Sami,Finland
Samoan [smo],-14,-172.667,#C8A194,Oceanic,Central Pacific,Samoa
Sandawe [sad],-5,35,#744C81,Khoe,Khoe,Tanzania
Sangir [sxn],3.58,125.75,#D48898,Malayo-Polynesian,Philippines,Indonesia
Sango [sag],5,18,#AB4A37,Adamawa-Ubangi,Ubangi,Central African Republic
Santa [sce],35.65,103.4,#49A263,Mongolic,Eastern,China
Santali [sat],24.5,87,#44A380,Austroasiatic,Munda,India
Sanuma [xsu],4,-64,#484F84,Yanomami,,Venezuela
Saptariya Tharu [thq],26.6,86.7,#4C9F61,Indo-European,Indo-Iranian,Nepal
Sapuan [spu],15.333,106.833,#BA6E70,Austroasiatic,Bahnaric,Laos
Sara-Ngambay [sba],8.67,16,#B9314D,Nilo-Saharan,Central_Sudanic,Chad
Sarcee [srs],52.5,-116,#5E96B0,Dene-Yeniseic,Na-Dene,Canada
Sardinian [sro],40,9,#A99F6E,Indo-European,Romance,Italy
Sartang [onp],27.33,92.27,#55559E,Kho-Bwa,Sherdukpen-Sartang,India
Sasak [sas],-8.67,116.5,#C16A8B,Malayo-Polynesian,Malayo-Sumbawan,Indonesia
Sauria Paharia [mjt],24.3,88.9,#318173,Dravidian,North,Bangladesh
Savosavo [svs],-9.167,159.833,#52A678,Solomons East Papuan,,Solomons
Sawu [hvn],-10.5,122,#C99E9F,Malayo-Polynesian,Flores-Sawu-Sumba,Indonesia
Scots English [sco],56,-3.25,#9EB356,Indo-European,Germanic,Britain
Scots Gaelic [gla],57,-5,#CDBBA2,Indo-European,Celtic,Britain
Sebei [kpz],1.33,34.58,#DC73AA,Nilo-Saharan,East_Sudanic,Uganda
Sedang [sed],14.667,108,#C17C78,Austroasiatic,Bahnaric,Vietnam
Seediq [trv],24.167,121.417,#B0C790,Austronesian,Atayalic,Taiwan
Sekar [skz],-2.7,132.43,#AE4975,Malayo-Polynesian,North Bomberai,Indonesia
Seke [skj],29,83.91,#3E6C64,Tibeto-Burman,Bodic,Nepal
Selaru [slu],-8.25,130.917,#BD5271,Malayo-Polynesian,Southeast Maluku,Indonesia
Selepet [spl],-6,147.25,#5D3BB7,Trans New Guinea,Finisterre-Huon,Papua New Guinea
Selknam [ona],-54.45,-67.15,#58A967,Chonan,,Argentina
Selkup [sel],65,82,#487E5B,Uralic,Samoyedic,Russia
Seme [sif],11,-5,#4B4E68,Niger-Kongo,Kru,Burkina Faso
Semelai [sza],3,102.5,#C8A39F,Austroasiatic,Aslian,Malaysia
Sentani [set],-2.583,140.633,#49509E,Trans New Guinea,Sentani,Indonesia
Serbian [srp],45,20,#99B760,Indo-European,Balto-Slavic,Serbia
Seri [sei],29,-112.5,#644EA1,Seri,,Mexico
Serrano [ser],34.33,-117,#53809A,Uto-Aztecan,North,USA
Sesotho [sot],-28,27,#C37993,Niger-Kongo,Bantoid,South Africa
Shabo [sbf],7.2,36.25,#507B4F,Shabo,,Ethiopia
Shan [shn],22,98,#C07496,Tai-Kadai,South,Myanmar
Shanghai [wuu],31,121,#72A954,Tibeto-Burman,Sinitic,China
Sharanahua [mcd],-11,-70,#606493,Panoan,Main,Peru
Shasta [sht],41.83,-122.67,#9D7B9A,Shasta,,USA
Shatt [shj],10.75,29.75,#AD2961,Nilo-Saharan,East_Sudanic,Sudan
Shawnee [sjw],40,-83,#54C6A4,Algic,Algonquian,USA
She [shx],23.04,114.93,#7FA14E,Hmong-Mien,Hmongic,China
Sheko [she],7,35.5,#4D5AA0,Afro-Asiatic,Omotic,Ethiopia
Sherdukpen [sdp],27.2,92.4,#524A87,Kho-Bwa,Sherdukpen-Sartang,India
Sherpa [xsr],27.833,86.833,#4D5F7B,Tibeto-Burman,Bodic,Nepal
Sherpa_Hile [xsr-2],27.675,86.71,#3E828A,Tibeto-Burman,Bodic,Nepal
Shigatse [bod-6],29.26,88.88,#3F9378,Tibeto-Burman,Bodic,China
Shilluk [shk],6.19,31.6,#B16C9C,Nilo-Saharan,East_Sudanic,Sudan
Shina [scl],36,74,#38A082,Indo-European,Indo-Iranian,Pakistan
Shipibo [shp],-7,-75,#389D63,Panoan,Main,Peru
Shona [sna],-18,31,#CB4A6F,Niger-Kongo,Bantoid,Zimbabwe
Shoshone [shh],41,-115.5,#419578,Uto-Aztecan,North,USA
Shuswap [shs],52,-120,#9FE17F,Salish,Interior,Canada
Siane [snp],-6.05,145.25,#447EB3,Trans New Guinea,Gorokan,Papua New Guinea
Siar [sjr],-5,153.333,#A6B363,Oceanic,Western Oceanic,Papua New Guinea
Siberian Yupik [ess],65,-175,#5C6B8D,Eskimo-Aleut,Eskimo,Russia
Sierra Popoluca [poi],18.23,-94.87,#7DBC6B,Totozoquean-Chitimacha,Totozoquean,Mexico
Sika [ski],-8.62,122.22,#BF6780,Malayo-Polynesian,Timoric,Indonesia
Simalur [smr],2.333,96.5,#E3AFBA,Malayo-Polynesian,Batak-Barrier Islands,Indonesia
Sinaugoro [snc],-9.833,147.917,#655F95,Oceanic,Western Oceanic,Papua New Guinea
Sindhi [snd],26,69,#349E5A,Indo-European,Indo-Iranian,Pakistan
Sinhalese [sin],7,81,#447644,Indo-European,Indo-Iranian,Sri Lanka
Sio [xsi],-6,147.333,#A53B4A,Oceanic,Western Oceanic,Papua New Guinea
Siriono [srq],-14.8,-62.5,#636F8D,Tupi,Tupi-Guarani,Bolivia
Siroi [ssd],-5.5,146,#744182,Trans New Guinea,Madang,Papua New Guinea
Sisiqa [bbq],-7.133,157,#C1928C,Oceanic,Western Oceanic,Solomons
SiSwati [ssw],-27,32,#AE8857,Niger-Kongo,Bantoid,Swaziland
Siuslaw [sis],44,-124,#90D57B,Oregon Coast,,USA
Skou [skv],-2.667,140.917,#6D3A94,Skou,West,Indonesia
Slave [xsl],60,-120,#4C4C70,Dene-Yeniseic,Na-Dene,Canada
Slovene [slv],46,14.5,#98BA65,Indo-European,Balto-Slavic,Slovenia
Sm'algyax [tsi],52.5,-129,#B0AD64,Tsimshian,,USA
So [teu],2.5,34.75,#D599A3,Nilo-Saharan,East_Sudanic,Uganda
So [xxx-60],17.333,104.333,#B9776E,Austroasiatic,Bahnaric,Thailand
Sobei [sob],-1.917,138.75,#9B63A1,Oceanic,Western Oceanic,Indonesia
Solega [sle],12.2,76.5,#2F9877,Dravidian,South,India
Somali [som],7,47,#817A88,Afro-Asiatic,Cushitic,Somalia
Soninke [snk],13.25,-14.25,#795F93,Mande,Western,Senegal
Sonsorol [sov],4.5,132.083,#B59A66,Oceanic,Micronesian,Palau
Soqotri [sqt],12.5,54,#C7956E,Afro-Asiatic,Semitic,Yemen
Sora [srb],20,84.333,#478E6C,Austroasiatic,Munda,India
Sorbian [dsb],52,13.75,#77B061,Indo-European,Balto-Slavic,Germany
Sotho_South [sot-2],-30,28,#D36363,Niger-Kongo,Bantoid,Lesotho
Sougb [mnx],-1.5,134,#A93F5D,East Bird's Head,,Indonesia
Souw Amana Teru [tlu],-3.58,128.3,#AC4F63,Malayo-Polynesian,Central Maluku,Indonesia
Spanish [spa],41.65,-4.75,#AABE76,Indo-European,Romance,Spain
Spanish_spoken [spa-2],39,-3,#A5B156,Indo-European,Romance,Spain
Spiti [bod-2],32.75,77.75,#30985B,Tibeto-Burman,Bodic,India
Squamish [squ],49.67,-123.17,#B1E57B,Salish,Central,Canada
Sre [kpm],11.5,108,#BA7673,Austroasiatic,Bahnaric,Vietnam
Stieng [sti],12,107,#BA7A67,Austroasiatic,Bahnaric,Vietnam
Sudest [tgo],-11.5,153.5,#B469A2,Oceanic,Western Oceanic,Papua New Guinea
Suena [sue],-7.75,147.5,#6D60BC,Trans New Guinea,Binanderean,Papua New Guinea
Sui [swi],26.25,107.5,#C17583,Tai-Kadai,South,China
Sukuma [suk],-3.234,33.516,#B25077,Niger-Kongo,Bantoid,Tanzania
Sula [szn],-2.06,125.98,#B5476D,Malayo-Polynesian,,Indonesia
Sulka [sua],-5.083,152,#A86277,Sulka,,Papua New Guinea
Sumbawa [smw],-8.583,117.5,#CC8F80,Malayo-Polynesian,Malayo-Sumbawan,Indonesia
Sundanese [sun],-7,107.5,#C08972,Malayo-Polynesian,Malayo-Sumbawan,Indonesia
Sunwar [suz],27.6,86.3,#3E8E56,Tibeto-Burman,Kiranti,Nepal
Supyire [spp],11.5,-5.58,#786F86,Niger-Kongo,Gur,Mali
Surin Khmer [kxm],15,103.75,#C6506E,Austroasiatic,Khmer,Thailand
Susu [sus],10,-13,#625E95,Mande,Western,Guinea
Swahili [swh],-6.5,39,#B85C6E,Niger-Kongo,Bantoid,Tanzania
Swedish [swe],60,15,#94A75D,Indo-European,Germanic,Sweden
Sye [erg],-18.633,168.917,#B16479,Oceanic,Southern Oceanic,Vanuatu
Taba [mky],0.333,127.583,#A2476C,Malayo-Polynesian,Eastern Malayo-Polynesian,Indonesia
Tabla [tnm],-2.417,140.333,#42366D,Trans New Guinea,Sentani,Indonesia
Tacana [tna],-12,-67.75,#54A180,Tacanan,Araona-Tacana,Bolivia
Tadaksahak [dsq],16.58,2.83,#99507E,Nilo-Saharan,Songhai,Mali
Tafi [tcd],6.8,0.4,#A34C72,Niger-Kongo,Kwa,Ghana
Tagalog [tgl],14.75,121,#B5DB80,Malayo-Polynesian,Philippines,Philippines
Tagbanwa_Aborlan [tbw],9,118,#C4B39F,Malayo-Polynesian,Philippines,Philippines
Tahitian [tah],-17.667,-149,#BAB193,Oceanic,Central Pacific,French Polynesia
Tai Aiton [aio],26.95,94.67,#BF6D8E,Tai-Kadai,South,India
Taiof [sps],-5.583,154.583,#B58593,Oceanic,Western Oceanic,Papua New Guinea
Tairora [tbg],-6.583,145.917,#479095,Trans New Guinea,Kainantu,Papua New Guinea
Tajik [tgk],38.667,70,#747D6A,Indo-European,Indo-Iranian,Tajikistan
Takelma [tkm],42.5,-123,#6D7AA9,Takelma,,USA
Takia [tbc],-4.75,146,#727298,Oceanic,Western Oceanic,Papua New Guinea
Talaud [tld],4,126.67,#D27D89,Malayo-Polynesian,Philippines,Indonesia
Talysh [tly],39,48.85,#459055,Indo-European,Indo-Iranian,Iran
Tamambo [mla],-15.7,167.2,#BA716B,Oceanic,Southern Oceanic,Vanuatu
Tamang [tge],27.67,85.5,#3B7669,Tibeto-Burman,Bodic,Nepal
Tamang_Eastern [taj],27.6,85.75,#419469,Tibeto-Burman,Bodic,Nepal
Tamang_Western [tdg],27.98,85.17,#3E887C,Tibeto-Burman,Bodic,Nepal
Tamazight [tzm],33,-4,#CBB975,Afro-Asiatic,Berber,Morocco
Tamil [tam],13,79,#2F9877,Dravidian,South,India
Tanacross [tcb],63.5,-143.5,#5B7A8D,Dene-Yeniseic,Na-Dene,USA
Tanglapui [tpg],-8.3,125,#68377A,Timor-Alor-Pantar,Alor-Pantar,Indonesia
Tarahumara [tar],27.5,-107.5,#6BC57B,Uto-Aztecan,South,Mexico
Taraon [tro],28.2,96.25,#397789,Tibeto-Burman,Tani,India
Tariana [tae],0.3,-69.7,#4A9690,Arawak,North,Brazil
Tashelhiyt [shi],31,-5,#BF8E82,Afro-Asiatic,Berber,Morocco
Tatana [txx],5.5,115.5,#D5B2A0,Malayo-Polynesian,North Borneo,Malaysia
Tatar [tat],56,49.5,#3A995D,Turkic,North-west,Russia
Tause [tad],-2.833,137,#714274,Lakes Plains,Eastern,Indonesia
Tausug [tsg],6,121,#CDC694,Malayo-Polynesian,Barito,Philippines
Tauya [tya],-5.75,145.3,#546194,Trans New Guinea,Madang,Papua New Guinea
Tawala [tbo],-10.333,150.5,#6D70B6,Oceanic,Western Oceanic,Papua New Guinea
Tboli [tbl],6.167,124.5,#CFBA8F,Malayo-Polynesian,Philippines,Philippines
Tehit Imyan [kps-2],-1.75,132.167,#AA4980,West Papuan,Birds Head,Indonesia
Teiwa [twe],-8.333,124.2,#6B4BA3,Timor-Alor-Pantar,Alor-Pantar,Indonesia
Telefol [tlf],-4.917,141.75,#4656A4,Trans New Guinea,Ok,Papua New Guinea
Telugu [tel],16,79.5,#299672,Dravidian,South-central,India
Temein [teq],11.92,29.42,#B564A0,Nilo-Saharan,East_Sudanic,Sudan
Temiar [tea],4.833,101.333,#C46E81,Austroasiatic,Aslian,Malaysia
Temne [tem],8.67,-13.08,#BC5260,Niger-Kongo,Atlantic,Sierra Leone
Tengger [tes],-7.95,112.95,#C96A7F,Malayo-Polynesian,Javanic,Indonesia
Teop [tio],-5.667,155.083,#CD8E7E,Oceanic,Western Oceanic,Papua New Guinea
Tepehuan_Huehuetla [tee],20.476,-98.09,#97D56F,Totozoquean-Chitimacha,Totozoquean,Mexico
Tera [ttr],11,11.83,#BF5467,Afro-Asiatic,Chadic,Nigeria
Teribe [tfr],9,-83,#6C326E,Chibchan,West,Panama
Ternate [tft],0.833,127.333,#A3447F,West Papuan,North Halmahera,Indonesia
Ternate Malay [max],0.786,127.377,#A87A7B,Malayo-Polynesian,Malayo-Sumbawan,Indonesia
Tetun [tet],-9.333,125.083,#B75C7F,Malayo-Polynesian,Timoric,Indonesia
Thadou [tcz],23.2,94.1,#555DA1,Tibeto-Burman,Kuki-Chin-Naga,India
Thai [tha],15.583,100.333,#C55E7D,Tai-Kadai,South,Thailand
Thai_Northern [nod],18,99,#C55E7D,Tai-Kadai,South,Thailand
Thakali [ths],28.75,83.69,#3D7565,Tibeto-Burman,Bodic,Nepal
Thangmi [thf],27.75,86,#2E9872,Tibeto-Burman,Western Himalayan,Nepal
Themchen [adx-2],36.6,101.75,#349476,Tibeto-Burman,Bodic,China
Thompson [thp],49,-122,#BFD7B4,Salish,Interior,Canada
Thulung [tdh],27.6,86.75,#3D8592,Tibeto-Burman,Kiranti,Nepal
Ticuna [tca],-3.5,-68,#5C8D91,Ticuna,,Brazil
Tidore [tvo],0,127.75,#A54C8C,West Papuan,North Halmahera,Indonesia
Tigak [tgc],-2.75,150.917,#C2776F,Oceanic,Western Oceanic,Papua New Guinea
Tigré [tig],16.5,38.5,#5FA182,Afro-Asiatic,Semitic,Eritrea
Tigrinya [tir],14.5,38.5,#3CA35D,Afro-Asiatic,Semitic,Ethiopia
Timucua [xxx-29],30.25,-82.5,#28A665,Timucua,,USA
Timugon [tih],5,116,#DCB8A7,Malayo-Polynesian,North Borneo,Malaysia
Tiri [cir],-21.667,165.75,#B5B86F,Oceanic,Southern Oceanic,New Caledonia
Tiv [tiv],7.5,9,#8D5331,Niger-Kongo,Bantoid,Nigeria
Tiwa [lax],26.5,92.5,#574A8B,Tibeto-Burman,Bodo-Garo,India
Tiwi [tiw],-11.5,131,#9CAD59,Tiwi,,Australia
Tlapanec [tpx],17.08,-99,#D3AE74,Tlapanec,,Mexico
Tlingit [tli],57,-133,#42AC78,Dene-Yeniseic,Na-Dene,USA
Toba [tob],-26.5,-59,#7AC874,Guaicuruan,Southern,Argentina
Toba_Batak [bbc],2.5,99.5,#CEA88A,Malayo-Polynesian,Batak-Barrier Islands,Indonesia
Tobati [tti],-2.583,140.867,#715CAD,Oceanic,Western Oceanic,Indonesia
Tobelo [tlb],0.75,127.75,#82549A,West Papuan,North Halmahera,Indonesia
Tojolabal [toj],16.33,-91.5,#C6BC58,Mayan,Kanjobal-Chuj,Mexico
Tokelauan [tkl],-9.15,-171.78,#BFAAA8,Oceanic,Central Pacific,Tokelau
Tol [jic],14.75,-85,#7C81AD,Jicaque,,Honduras
Tolaki [lbw],-4,122.25,#BFC0AA,Malayo-Polynesian,Celebic,Indonesia
Tondano [tdn],1.25,125,#D2A78E,Malayo-Polynesian,Philippines,Indonesia
Tonga [toi],-17,27,#CB4A6F,Niger-Kongo,Bantoid,Zambia
Tongan [ton],-21.167,-175.25,#D3919B,Oceanic,Central Pacific,Tonga
Tonkawa [tqw],30,-95,#4F5BCA,Tonkawa,,USA
Toqabaqita [mlu],-8.333,160.667,#C75076,Oceanic,Southeast Solomonic,Solomons
Torwali [trw],34.25,72,#339A5E,Indo-European,Indo-Iranian,Pakistan
Totonac [tlc],20.5,-97.2,#AFEF86,Totozoquean-Chitimacha,Totozoquean,Mexico
Touo [tqu],-8.667,157.5,#32A669,Touo,,Solomons
Tsafiki [cof],-0.25,-79.33,#30A57D,Barbacoan,Southern,Ecuador
Tsat [huq],18.25,109.5,#96A94E,Malayo-Polynesian,Malayo-Sumbawan,China
Tsez [ddo],42.2,45.95,#3E4B5D,Nakh-Daghestanian,Tsezic,Russia
Tshangla [tsj],27.07,92,#3A5B46,Tibeto-Burman,Bodic,Bhutan
Tsou [tsu],23.5,120.75,#A5A19B,Austronesian,Tsouic,Taiwan
Tsova-Tush [bbl],42.5,45.5,#45A57A,Kartvelian,Georgian,Russia
Tsuken [xug],26.55,127.94,#35885D,Japonic,Ryukyuan,Japan
Tsum [ttz],28.51,85.08,#426997,Tibeto-Burman,Bodic,Nepal
Tübatulabal [tub],36,-118.33,#5F9277,Uto-Aztecan,North,USA
Tubu [tuq],21,17,#8A5E96,Nilo-Saharan,Saharan,Chad
Tucano [tuo],0.95,-70.1,#3FA285,Tucanoan,East,Brazil
Tugun [tzn],-7.833,126.667,#A36880,Malayo-Polynesian,Timoric,Indonesia
Tujia [tji],27.5,109,#526E6C,Tibeto-Burman,Tujia,China
Tukang_Besi [khc],-5.5,123.667,#CE9998,Malayo-Polynesian,Celebic,Indonesia
Tulu [tcy],12.75,75.333,#27995C,Dravidian,South,India
Tümpisa [par],37,-117,#50AB79,Uto-Aztecan,North,USA
Tunen [baz],4.8,10.5,#906E84,Niger-Kongo,Bantoid,Cameroon
Tungak [lcm],-2,152,#BF746E,Oceanic,Western Oceanic,Papua New Guinea
Tunica [tun],32.67,-91,#5B60C4,Tunica,,USA
Turkana [tuv],3,35,#D46C6F,Nilo-Saharan,Nilotic,Kenya
Turkish [tur],40,30,#3A9159,Turkic,South-west,Turkey
Turkish_Crimean [crh],45,34.083,#329864,Turkic,North-west,Ukraine
Turkmen [tuk],40,58,#2E965E,Turkic,South-west,Turkmenistan
Turung [try],27.14,95.75,#5C6971,Tibeto-Burman,Jingpho,India
Tuscarora [tus],36,-77.5,#8A9DC1,Iroquoian,Northern,USA
Tutsa [tvt],26.9,95.6,#377385,Tibeto-Burman,Konyak,India
Tuva [tyv],52,95,#33925A,Turkic,North-east,Russia
Tuvalu [tvl],-10,180,#CDA5A2,Oceanic,Central Pacific,Tuvalu
Tyeraity [woa],-13,130.333,#664FA3,Northern Daly,,Australia
Tz'utujil [tzj],14.5,-91.25,#BACB6E,Mayan,Quiche-Mam,Guatemala
Tzeltal_Aguacatenango [tzh],16.42,-92.5,#C6D35C,Mayan,Chol-Tzeltal,Mexico
Tzotzil [tzc],16.7,-92.7,#C4DE79,Mayan,Chol-Tzeltal,Mexico
U [xxx-61],22.6,101.7,#B98E6C,Austroasiatic,Palaungic,China
Uab Meto [aoz],-9.67,124.25,#B36187,Malayo-Polynesian,Timoric,Indonesia
Ubykh [uby],43.6,39.73,#349C84,North-west Caucasus,Circassian,Russia
Udi [udi],41.08,47.47,#4EAD67,Nakh-Daghestanian,Lezgic,Azerbaijan
Udihe [ude],47.667,136.25,#4AA869,Tungusic,North,Russia
Udmurt [udm],56.83,53.19,#4E8E48,Uralic,Permic,Russia
Uduk [udu],8.2,34.4,#B7516C,Nilo-Saharan,Komuz,Somalia
Ughele [uge],-8.5,157.33,#C2A4A8,Oceanic,,Solomons
Uighur [uig],40,80,#32975B,Turkic,South-east,China
Ukrainian [ukr],50,32,#A6B95A,Indo-European,Balto-Slavic,Ukraine
Uma [ppk],-1.75,119.917,#C6B295,Malayo-Polynesian,Celebic,Indonesia
UMbundu [umb],-11.5,15,#C15082,Niger-Kongo,Bantoid,Angola
Una [mtg],-4.667,140,#4F72A5,Trans New Guinea,Mek,Indonesia
Ura [ryn],28.415,129.59,#358B60,Japonic,Ryukyuan,Japan
Uradhi [urf],-12,142.25,#5A7F9B,Pama-Nyungan,North Cape York,Australia
Urak_Lawoi [urk],7.25,99.25,#C27471,Malayo-Polynesian,Malayo-Sumbawan,Thailand
Urarina [ura],-4,-75,#6B8E8D,Urarina,,Peru
Urdu [urd],29,71,#5BA56B,Indo-European,Indo-Iranian,Pakistan
Uruangnirin [urn],-3.5,132.833,#A74173,Malayo-Polynesian,North Bomberai,Indonesia
Urubu-Kaapor [urb],-2,-47,#597073,Tupi,Tupi-Guarani,Brazil
Usan [wnu],-4.833,145.333,#605BB4,Trans New Guinea,Madang,Papua New Guinea
Usarufa [usa],-6.5,146.083,#2F9A70,Trans New Guinea,Kainantu,Papua New Guinea
Ute [ute],39,-109,#558883,Uto-Aztecan,North,USA
Uzbek [uzn],39,66,#42AB7A,Turkic,South-east,Uzbekistan
V'ënen_Taut [nmb],-16.083,167.25,#A95492,Oceanic,Southern Oceanic,Vanuatu
Vai [vai],7.3,-10.55,#7C5EA4,Mande,Western,Liberia
Valman [van],-3.25,142.5,#B05495,Torricelli,Wapei,Papua New Guinea
Vano [vnk],-11.667,166.75,#D16574,Oceanic,TeMotu,Solomons
Varli [vav],20,73.79,#3C9E6C,Indo-European,Indo-Iranian,India
Venda [ven],-23.5,30,#D05773,Niger-Kongo,Bantoid,South Africa
Vietnamese_Hanoi [vie],21.03,105.85,#BF7C69,Austroasiatic,Vietic,Vietnam
Wagiman [waq],-14,131.25,#6E5AB5,Wagiman,,Australia
Wahgi [wgi],-6.667,145.583,#6E5696,Trans New Guinea,Chimbu,Papua New Guinea
Waigali [wbk],35.2,70.99,#399551,Indo-European,Indo-Iranian,Afghanistan
Waima'a [wmh],-8.5,126.33,#AD5F88,Malayo-Polynesian,Timoric,Timor leste
Wakhi [wbl],36.5,72,#46A287,Indo-European,Indo-Iranian,Pakistan
Walapai [yuf],35.5,-113.75,#52708D,Yuman-Cochimi,Yuman,USA
Walmatjarri [wmt],-20.116,127.461,#88AFC2,Pama-Nyungan,,Australia
Wambaya [wmb],-18.667,135.75,#9BA4A0,Mirndi,Barkly,Australia
Wambon [wms],-5.5,140.5,#446D92,Trans New Guinea,Awyu-Dumut,Indonesia
Wambule [wme],27.12,86.45,#36996E,Tibeto-Burman,Kiranti,Nepal
Wandamen [wad],-2.67,134.25,#A93A71,Malayo-Polynesian,Eastern Malayo-Polynesian,Indonesia
Wangkajunga [mpj-4],-19,126,#8BA2C7,Pama-Nyungan,,Australia
Waorani [auc],-1,-76.5,#298991,Waorani,,Ecuador
Wappo [wao],38.5,-122.5,#5F6E9C,Wappo-Yukian,,USA
Warao [wba],9,-62,#5669C7,Warao,,Venezuela
Waray-Waray [war],12,125,#A9DF7C,Malayo-Polynesian,Philippines,Philippines
Wardaman [wrr],-15.5,131,#65A6A8,Yangman,,Australia
Warekena [gae],2,-65,#AA9885,Arawak,North,Venezuela
Warembori [wsa],-1.65,137.6,#983A76,Malayo-Polynesian,Eastern Malayo-Polynesian,Indonesia
Wari' [pav],-11.5,-65,#CBAFA8,Chapacura,,Brazil
Warlpiri [wbp],-20,132.333,#868FB0,Pama-Nyungan,Ngumbin-Yapa,Australia
Warluwara [wrb],-22.3,138.9,#67A8C3,Pama-Nyungan,Ngarna,Australia
Warndarang [wnd],-14.417,135.583,#7D7C89,Mara-Warndarang-Alawa,,Australia
Waropen [wrp],-2.333,136.667,#96475B,Malayo-Polynesian,Eastern Malayo-Polynesian,Indonesia
Warrgamay [wgy],-18.583,146.167,#6196C7,Pama-Nyungan,Dyirbalic,Australia
Warrnambool [xxx-31],-38.25,142.5,#9BEC8B,Pama-Nyungan,Kulin,Australia
Washkuk [kmo],-4.083,142.667,#369675,Sepik,Nukuma,Papua New Guinea
Washo [was],39.25,-120,#469662,Washo,,USA
Waskia [wsk],-4.583,145.917,#674BB5,Trans New Guinea,Madang,Papua New Guinea
Wathawurrung [xxx-32],-37.5,144,#9F9E94,Pama-Nyungan,Kulin,Australia
Watjarri [wbv],-29,117.25,#788BA6,Pama-Nyungan,Kardu,Australia
Wayana [way],1.216667,-54.656667,#7172A6,Cariban,Guianan,Brazil
Welsh [cym],52.3,-4,#D4BD90,Indo-European,Celtic,Britain
Wembawemba [xxx-33],-36,142,#89DD9F,Pama-Nyungan,Kulin,Australia
West Makian [mqs],0.333,127.417,#A23E6B,West Papuan,Birds Head,Indonesia
Wichí [mzh],-22.5,-62.583,#B99581,Matacoan,Mataco,Argentina
Wichita [wic],33.33,-97.33,#7FA5A4,Caddoan,Northern,USA
Wik Mungkan [wim],-13.667,141.833,#6D60BD,Pama-Nyungan,North Cape York,Australia
Wik Ngathana [wig],-13.917,141.5,#625096,Pama-Nyungan,North Cape York,Australia
Winnebago [win],43,-89,#5F3C7E,Siouan,Western,USA
Wintu [wit-2],41,-122.5,#7B7FA8,Wintuan,,USA
Wirangu [wiw],-32,134,#5E7F9D,Pama-Nyungan,Wirangu,Australia
Wiyot [wiy],40.83,-124.17,#7193A7,Algic,Wiyot,USA
Woleaian [woe],7.333,143.833,#AE7488,Oceanic,Micronesian,USA Federated States of Micronesia
Wolio [wlo],-5.5,122.75,#CEC89E,Malayo-Polynesian,Celebic,Indonesia
Wolof [wol],15.25,-16.5,#C78D80,Niger-Kongo,Atlantic,Senegal
Womo [xxx-34],-2.917,141.833,#6A3A67,Skou,Central,Papua New Guinea
Wooi [wbw],-1.72,135.47,#A73D62,Malayo-Polynesian,Eastern Malayo-Polynesian,Indonesia
Worora [unp],-15.667,124.667,#61949E,Wororan,,Australia
Wotu [wtw],-2.56,120.76,#C89897,Malayo-Polynesian,Celebic,Indonesia
Wutun [wuh],35.9,102.1,#4C538D,Tibeto-Burman,Sinitic,China
Wutung [wut],-2.667,141.167,#743879,Skou,West,Papua New Guinea
Wuvulu [wuv],-1.72,142.833,#AAB067,Oceanic,Admiralties,Papua New Guinea
Wyandot [wya],48.861,-71.357,#639A58,Iroquoian,Northern,Canada
Xhosa [xho],-33,28,#BC5C6C,Niger-Kongo,Bantoid,South Africa
Xokleng [xok],-24.3,-50,#5D5078,Macro-Je,Je,Brazil
Xuwen [nan-7],20.35,110.2,#78A64D,Tibeto-Burman,Sinitic,China
Yabem [jae],-6.75,147.833,#983051,Oceanic,Western Oceanic,Papua New Guinea
Yagaria [ygr-2],-6.417,145.417,#357B86,Trans New Guinea,Gorokan,Papua New Guinea
Yagua [yad],-3.5,-72,#A0CEA1,Yagua,,Peru
Yahgan [yag],-55,-69.5,#489B80,Yahgan,,Chile
Yakkha [ybh],27.2,87.25,#2E946F,Tibeto-Burman,Kiranti,Nepal
Yakut [sah],62,130,#357F3F,Turkic,North-east,Russia
Yala [yba],6.4,8.4,#BA4274,Niger-Kongo,Idomoid,Nigeria
Yale [kkl],-4.333,139.5,#554AA4,Trans New Guinea,Mek,Indonesia
Yale [nce],-3.833,141.333,#476860,Yale,,Papua New Guinea
Yali [yli],-3.75,139.25,#6846A8,Trans New Guinea,Dani,Indonesia
Yamphu [ybi],27.4,87.1,#2E9872,Tibeto-Burman,Kiranti,Nepal
Yankuntjatjara [kdd],-27.5,132,#6052BF,Pama-Nyungan,Western Desert,Australia
Yao [yao],-11.45,34,#DA6A70,Niger-Kongo,Bantoid,Malawi
Yap [yap],9.53,138.1,#CBB9A1,Oceanic,Yap,Yap
Yaqay [jaq],-6.583,139.333,#41588E,Marind,,Indonesia
Yaqui_Arizona [yaq],31.67,-111.25,#57AB75,Uto-Aztecan,South,USA
Yareba [yrb],-9.5,148.583,#485469,Trans New Guinea,Southeast,Papua New Guinea
Yarik [erw],-2.7,132.6,#A63D69,Malayo-Polynesian,Eastern Malayo-Polynesian,Indonesia
Yawa [yva],-1.75,136.25,#7D3E96,West Papuan,Yapen,Indonesia
Yawelmani [yok-2],35.3,-118.65,#92C57A,Yok-Utian,Yokuts,USA
Yawuru [ywr],-18,122.5,#81CA9C,Nyulnyul,East,Australia
Yay [pcc],26,106,#BE847B,Tai-Kadai,South,China
Yaygir [xxx-36],-29.667,153,#6F926A,Pama-Nyungan,Central-East,Australia
Yei [jei],-7.917,140.833,#489D98,South New Guinea,,Indonesia
Yeletnye [yle],-11,154,#6856B4,Yeletnye,,Papua New Guinea
Yelmek [jel],-7.667,139.75,#6167BA,Bulaka,,Indonesia
Yessan-Mayo [yss],-4.083,142.583,#417283,Sepik,Tama,Papua New Guinea
Yeyi [yey],-20,23.5,#BD5483,Niger-Kongo,Bantoid,Botswana
Yidiny [yii],-17.917,146.09,#6868AD,Pama-Nyungan,Yidinic,Australia
Yimas [yee],-4.75,143.583,#4C8997,Lower Sepik-Ramu,Lower Sepik,Papua New Guinea
Yindjibarndi [yij],-21.5,117,#78B073,Pama-Nyungan,Pilbara,Australia
Yingkarta [yia],-24.7,114.5,#73B57F,Pama-Nyungan,Kardu,Australia
Yohlmo [scp],27.85,85.6,#457F8E,Tibeto-Burman,Bodic,Nepal
Yokuts_Northern Foothill [yok],36.58,-119.08,#70C087,Yok-Utian,Yokuts,USA
Yoruba [yor],8,4.33,#C177A5,Niger-Kongo,Yoruba,Nigeria
Yucatec [yua],21,-89,#A9BC47,Mayan,Yucatecan,Mexico
Yuchi [yuc],35.75,-86.75,#67689E,Yuchi,,USA
Yugur [ybe],38.988,100.025,#4D7C5C,Turkic,South-east,China
Yukaghir [ykg],65.75,150.833,#399777,Yukaghir,,Russia
Yuki [yuk],39.67,-123.5,#5AAE8B,Wappo-Yukian,,USA
Yukulta [gcd],-17.333,138.833,#6DB179,Tangkic,,Australia
Yulu [yul],8.5,25.25,#BD3F53,Nilo-Saharan,Central_Sudanic,Sudan
Yunnan_Kunming [smm],24,102,#7DAE4B,Tibeto-Burman,Sinitic,China
Yup'ik_Central Alaskan [esu],59.5,-160,#5B988F,Eskimo-Aleut,Eskimo,USA
Yuracaré [yuz],-16.5,-65,#7BAF5F,Yurakare,,Bolivia
Yurok [yur],41.33,-124,#6CC27D,Algic,Yurok,USA
Yuwaalaraay [kld],-29.5,148,#65B99A,Pama-Nyungan,Central New South Wales,Australia
Zaiwa [atb],24.5,98.5,#774C7F,Tibeto-Burman,Lolo-Burmese,China
Zande [zne],4,26,#7C7452,Adamawa-Ubangi,Ubangi,Democratic Republic of the Congo
Zaparo [zro],-2,-76.33,#7DA276,Zaparoan,Zaparo,Ecuador
Zapotec [zai],16.5,-95,#CEB587,Otomanguean,Zapotecan,Mexico
Zarma [dje],14,2,#7862C0,Nilo-Saharan,Songhai,Niger
Zayse [zay],5.8,37.3,#3DB181,Afro-Asiatic,Omotic,Ethiopia
Zenaga [zen],16.5,-16,#C5B771,Afro-Asiatic,Berber,Mauritania
Zhuang [zyn],23.6,108.3,#B28C61,Tai-Kadai,South,China
Zoque [zoh],17.3,-93.3,#75B87C,Totozoquean-Chitimacha,Totozoquean,Mexico
Zulu [zul],-30,30,#A96552,Niger-Kongo,Bantoid,South Africa
Zuni [zun],35.08,-108.83,#54A0A7,Zuni,,USA
Kadiwéu [kbc],-20,-57,#CC7487,Guaicuruan,Northern,Brazil
