name,latitude,longitude,color,family,subgroup,country
!Xoon [nmn],-24,21.5,#9A9079,Tuu,!Kwi,Botswana
/Xam [xam],-30.34,21.82,#9C8270,Tuu,!Kwi,South Africa
||Ani [hnh],-19.3,22.5,#688187,Khoe,Khoe,Botswana
||Gana [gnk],-19,22.5,#6B797B,Khoe,Khoe,Botswana
Aari [aiw],6,36.6,#388A83,Afro-Asiatic,Omotic,Ethiopia
Abau [aau],-4,141.167,#8B8DC5,Sepik,Abau,Papua New Guinea
Abipon [axb],-26,-61,#A14952,Guaicuruan,Southern,Argentina
Abkhaz [abk],43,41.03,#605371,North-west Caucasus,Abaza-Abkhaz,Georgia
Abma [app],-15.75,168.083,#A56F7E,Oceanic,Southern Oceanic,Vanuatu
Abui [abz],-8.417,124.6,#B25BBD,Timor-Alor-Pantar,Alor-Pantar,Indonesia
Abun [kgr],-0.833,132,#CDB7A7,West Papuan,Birds Head,Indonesia
Acehnese [ace],5.333,96.167,#E5A266,Malayo-Polynesian,Malayo-Sumbawan,Indonesia
Achumawi [acv],41.5,-121,#684E7D,Palaihnihan,,USA
Adyghe [ady],44.1,39.08,#2F578C,North-west Caucasus,Circassian,Russia
Adynyamathanha [adt],-31,139.5,#4B7782,Pama-Nyungan,Yura,Australia
Adzera [azr],-6.417,146.25,#BD7EA1,Oceanic,Western Oceanic,Papua New Guinea
Agarabi [agd],-6.25,145.917,#2444B1,Trans New Guinea,Kainantu,Papua New Guinea
Aghem [agq],6.39,10.12,#C28A61,Niger-Kongo,Bantoid,Cameroon
Agta [agt],17.967,121.833,#C28E4C,Malayo-Polynesian,Philippines,Philippines
Aguaruna [agr],-5.25,-78,#4A4990,Jivaroan,,Peru
Agutaynen [agn],11.15,120.95,#AE655F,Malayo-Polynesian,Philippines,Philippines
Ai-cham_Diwo [aih],25.8,107,#E8ED99,Tai-Kadai,South,China
Ainu [ain],43.5,142,#93598F,Ainu,,Japan
Aka [hru],27.2,92.9,#4A8E98,Tibeto-Burman,Hrusish,India
Akan [aka],6.5,-1.25,#B267AA,Niger-Kongo,Kwa,Ghana
Akha [ahk],20.3,99.6,#96BDB2,Tibeto-Burman,Lolo-Burmese,Thailand
Alabama [akz],32.7,-86.1,#5A27AA,Muskogean,Eastern,USA
Alamblak [amp],-4.667,143.25,#6B5D7A,Sepik,Sepik Hill,Papua New Guinea
Albanian Tosk [als],40.5,20,#728A26,Indo-European,Albanian,Albania
Aleut [ale],54,-166,#2D5580,Eskimo-Aleut,Aleut,USA
Alune [alp],-3.167,128.333,#C949A7,Malayo-Polynesian,Central Maluku,Indonesia
Alyawarr [aly],-24.6,134.5,#588B96,Pama-Nyungan,Arandic,Australia
Ama [amm],-4.168,141.671,#5538AC,Left May,,Papua New Guinea
Amam [wer-2],-7.92,147.2,#5957B9,Trans New Guinea,Goilala,Papua New Guinea
Amanab [amn],-3.5,141.167,#5E7EAB,Trans New Guinea,Border,Papua New Guinea
Amarasi [aaz],-10.08,124.33,#CE677D,Malayo-Polynesian,Timoric,Indonesia
Ambae_West [omb],-15.5,167.75,#BB5D81,Oceanic,Southern Oceanic,Vanuatu
Ambai [amk],-1.917,136.733,#CB689A,Malayo-Polynesian,Eastern Malayo-Polynesian,Indonesia
Ambonese Malay [abs],-3.7,128.2,#D2BA7B,Malayo-Polynesian,Malayo-Sumbawan,Indonesia
Ambulas [abt],-3.75,143.083,#418A93,Sepik,Ndu,Papua New Guinea
Amdo [adx],36,94,#4CBDC3,Tibeto-Burman,Bodic,China
Amele [aey],-5.25,145.75,#95649C,Trans New Guinea,Madang,Papua New Guinea
Amharic [amh],10,38,#49643D,Afro-Asiatic,Semitic,Ethiopia
Amis [ami],23.333,121.333,#AC7E47,Austronesian,East Formosan,Taiwan
Amoy [nan],24.5,118,#AEDD86,Tibeto-Burman,Sinitic,China
Anejom [aty],-20.25,169.833,#CA617F,Oceanic,Southern Oceanic,Vanuatu
Anem [anz],-5.667,149,#BE7598,Anem,,Papua New Guinea
Angaatiha [agm],-7.22,146.25,#433CB2,Trans New Guinea,Angan,Papua New Guinea
Angas [anc],9.75,8.75,#CF958A,Afro-Asiatic,Chadic,Nigeria
Anguthimri [xxx-3],-12.333,141.833,#4A9B88,Pama-Nyungan,North Cape York,Australia
Anindilyagwa [aoi],-14,136.5,#734465,Anindilyagwa,,Australia
Anong [nun],27.2,98.8,#74C099,Tibeto-Burman,Nungish,China
Ao [njo],27,95,#5EB2C2,Tibeto-Burman,Kuki-Chin-Naga,India
Apalai [apy],0,-54,#7E259D,Cariban,Apalai,Brazil
Apatani [apt],27.4,93.8,#4DB68E,Tibeto-Burman,Tani,India
Apurinã [apu],-9,-67,#925168,Arawak,South-Southwest,Brazil
Arabana [ard],-28,137,#3A9D79,Pama-Nyungan,Karnic,Australia
Arabic [arb],30,42,#844C15,Afro-Asiatic,Semitic,Saudi Arabia
Arabic_Abha [acw-4],18.22,42.51,#984515,Afro-Asiatic,Semitic,Saudi Arabia
Arabic_Afghanistan [acm-3],36.7,67.12,#626734,Afro-Asiatic,Semitic,Afghanistan
Arabic_Basra [acm],30.5,47.825,#796D41,Afro-Asiatic,Semitic,Iraq
Arabic_Bukhara [abh],39.77,64.43,#4F7634,Afro-Asiatic,Semitic,Uzbekistan
Arabic_Egyptian [arz],30,30,#AD4E2D,Afro-Asiatic,Semitic,Egypt
Arabic_Gulf [afb],24,54,#9F6427,Afro-Asiatic,Semitic,United Arab Emirates
Arabic_Harb [acw-5],25.81,42.87,#91600B,Afro-Asiatic,Semitic,Saudi Arabia
Arabic_Khuzestan [acm-2],31.33,48.69,#95550D,Afro-Asiatic,Semitic,Iran
Arabic_Moroccan [ary],34,-7,#A04F1E,Afro-Asiatic,Semitic,Morocco
Arabic_Sudanese [apd],15.5,32.56,#9B5036,Afro-Asiatic,Semitic,Sudan
Arabic_Syrian [apc],33,37,#955714,Afro-Asiatic,Semitic,Syria
Arabic_Tunisian [aeb],36,10,#7A5425,Afro-Asiatic,Semitic,Tunisia
Arammba [stk],-8.25,141.5,#65887C,South New Guinea,,Papua New Guinea
Arandai [jbj],-2.17,133,#5948A1,Trans New Guinea,South Birds Head,Indonesia
Araona  [aro],-12.333,-67.75,#564C97,Tacanan,Araona-Tacana,Bolivia
Archi [aqc],42.07,46.86,#2A6A81,Nakh-Daghestanian,Lezgic,Russia
Arguni [agf],-2.667,132.5,#C08BB8,Malayo-Polynesian,Eastern Malayo-Polynesian,Indonesia
Arizona Tewa [tew],35.8,-110.4,#6F4FB6,Kiowa-Tanoan,Tewa-Tiwa,USA
Armenian [hye],40,45,#428C3A,Indo-European,Armenian,Armenia
Arop-Lokep [apr],-5.333,147.083,#BE6E99,Oceanic,Western Oceanic,Papua New Guinea
Arrernte_Central [are],-22.85,133.7,#4E87A1,Pama-Nyungan,Arandic,Australia
Arrernte_Mparntwe [aer],-24,136,#5B8D92,Pama-Nyungan,Arandic,Australia
Asheninka_Apurucayali [cpc],-10.018,-74.793,#784677,Arawak,South-Southwest,Peru
Asmat [asc],-5.167,138.5,#724CA9,Trans New Guinea,Asmat-Kamoro,Indonesia
Assamese [asm],26.5,93,#2FAE5C,Indo-European,Indo-Iranian,India
Ata [ata],-5.667,151,#BE3785,Ata,,Papua New Guinea
Atayal [tay],24.5,121,#C08365,Austronesian,Atayalic,Taiwan
Athpare [aph],26.75,87.33,#3E608B,Tibeto-Burman,Kiranti,Nepal
Atong [aot],25.5,90.5,#52A795,Tibeto-Burman,Bodo-Garo,India
Atsugewi [atw],40.75,-121,#63526A,Palaihnihan,,USA
Awa [awb],-6.75,145.667,#335992,Trans New Guinea,Kainantu,Papua New Guinea
Awa Pit [kwi],0.75,-78.5,#387967,Barbacoan,Northern,Ecuador
Awar [aya],-4,144.625,#61A7BA,Lower Sepik-Ramu,Ramu,Papua New Guinea
Awtuw [kmn],-3.5,141.917,#509DA1,Sepik,Ram,Papua New Guinea
Aymara [ayr],-16,-69.5,#556967,Aymaran,,Peru
Azerbaijani [azj],40.5,48.5,#299F70,Turkic,South-west,Azerbaijan
Azeri [azb],40.67,47.75,#299B5F,Turkic,South-west,Azerbaijan
Baagandji [drl],-32,142.533,#3D6C59,Pama-Nyungan,Baagandji,Australia
Babungo [bav],6.12,10.42,#BD9D70,Niger-Kongo,Bantoid,Cameroon
Badimaya [bia],-27.667,119,#409B7D,Pama-Nyungan,Kardu,Australia
Bafut [bfd],6.083,10.1,#AB7A5E,Niger-Kongo,Bantoid,Cameroon
Bagirmi [bmi],10.2,17,#BE868B,Nilo-Saharan,Central_Sudanic,Chad
Bagri [bgq],29.6,74.3,#25AB37,Indo-European,Indo-Iranian,India
Bahing [bhj],27.27,86.56,#36729E,Tibeto-Burman,Kiranti,Nepal
Bahnar [bdq],14,108.5,#E7D382,Austroasiatic,Bahnaric,Vietnam
Bai [bca],26,100,#92BF93,Tibeto-Burman,Bai,China
Bajau_Semporna [ssb],4.5,118.5,#E0866E,Malayo-Polynesian,Barito,Indonesia
Balangao [blw],17.167,120.333,#C8805B,Malayo-Polynesian,Philippines,Philippines
Balanta [ble],12,-15,#C04A80,Niger-Kongo,Atlantic,Guinea Bissau
Balantak [blz],-0.82,123.431,#CD7973,Malayo-Polynesian,Celebic,Indonesia
Balinese [ban],-8.583,115.25,#E2B074,Malayo-Polynesian,Malayo-Sumbawan,Indonesia
Balochi [bgp-2],27,63.5,#40A75C,Indo-European,Indo-Iranian,Pakistan
Balti [bft],35.2,76,#2DB6A2,Tibeto-Burman,Bodic,Pakistan
Bambara [bam],12.5,-7.5,#868983,Mande,Western,Mali
Banda [bnd],-5.25,133.17,#CC7DAB,Malayo-Polynesian,Central Maluku,Indonesia
Bandjalang [bdy],-28.75,153,#44976D,Pama-Nyungan,Central-East,Australia
Bandjalang-Gidabal [bdy-3],-28.25,152,#528F6E,Pama-Nyungan,Central-East,Australia
Banggai [bgz],-1.42,123.17,#BF6A6A,Malayo-Polynesian,Celebic,Indonesia
Banggime [dbb],14.78,-3.76,#959FA9,Banggime,,Mali
Banjar [bjn],-2.5,115.5,#DEA960,Malayo-Polynesian,Malayo-Sumbawan,Indonesia
Bankariya [cdm-2],27.5,85,#339699,Tibeto-Burman,Chepang,Nepal
Bantawa [bap],27.2,87.1,#2C63A4,Tibeto-Burman,Kiranti,Nepal
Baoan [peh],35.05,102.1,#43B38C,Mongolic,Eastern,China
Barai [bbb],-9.417,148,#715891,Trans New Guinea,Koiari,Papua New Guinea
Baram [brd],27.95,85,#3DBC9F,Tibeto-Burman,Western Himalayan,Nepal
Barang-barang [lji],-6.4,120.5,#D96E6D,Malayo-Polynesian,Greater South Sulawesi,Indonesia
Barasano [bsn],-0.25,-70.75,#4F5D82,Tucanoan,East,Colombia
Bardi [bcj],-16.58,122.92,#696282,Nyulnyul,West,Australia
Bargam [mlp-2],-4.87,145.76,#814AC2,Trans New Guinea,Madang,Papua New Guinea
Bari [bfa],3.8,31,#C58C7C,Nilo-Saharan,East_Sudanic,South Sudan
Barupu [wra],-3.083,142.083,#A9529F,Skou,East,Papua New Guinea
Bashkir [bak],53,58,#2C9F6F,Turkic,North-west,Russia
Basque [eus],43.2,-3,#4B7861,Basque,,Spain
Batuley [bay],-5.8,134.75,#D86288,Malayo-Polynesian,Southeast Maluku,Indonesia
Bauzi [bvz],-2.5,137.667,#6A96A6,Geelvink Bay,,Indonesia
Bawm [bgr],22.5,92.25,#77A5AF,Tibeto-Burman,Kuki-Chin-Naga,India
Begak [dbj-2],5.25,118.833,#C48779,Malayo-Polynesian,North Borneo,Malaysia
Beja [bej],18,36,#436A60,Afro-Asiatic,Cushitic,Sudan
Belarussian [bel],54,27,#4F9213,Indo-European,Balto-Slavic,Belarus
Belhare [byw],27,87.25,#2E59AF,Tibeto-Burman,Kiranti,Nepal
Bemba [bem],-11,31,#AE5F68,Niger-Kongo,Bantoid,Zambia
Bembe [bmb],-4,14,#B55E74,Niger-Kongo,Bantoid,Democratic Republic of the Congo
Bende [bdp],-6,30.5,#BF5B6E,Niger-Kongo,Bantoid,Tanzania
Bengali [ben],22.5,90,#2FAE4E,Indo-European,Indo-Iranian,Bangladesh
Berik [bkl],-2.25,138.92,#5D7294,Trans New Guinea,Tor,Indonesia
Betta_Kurumba [xub],11.58,76.55,#157A86,Dravidian,South,India
Bhojpuri [bho],26.8,85.3,#29A841,Indo-European,Indo-Iranian,India
Biak [bhw],-1,136,#C76D9B,Malayo-Polynesian,Eastern Malayo-Polynesian,Indonesia
Bih [rad-2],12.48,108.025,#E4D989,Malayo-Polynesian,Malayo-Sumbawan,Vietnam
Bijago [bjg],11.28,-15.83,#A85373,Niger-Kongo,Atlantic,Guinea Bissau
Bikol [bcl],13.333,123.5,#C87D76,Malayo-Polynesian,Philippines,Philippines
Biloxi [bll],32.25,-90,#6A38D0,Siouan,Western,USA
Bilua [blb],-7.75,156.667,#994F64,Solomons East Papuan,,Solomons
Binandere [bhg],-8.167,147.917,#5B83A8,Trans New Guinea,Binanderean,Papua New Guinea
Bininj Gun-Wok [gup],-12.5,133.75,#904369,Gunwinyku,Marne,Australia
Biri [bzr],-20.5,146.5,#4B9172,Pama-Nyungan,GreaterMari,Australia
Blackfoot [bla],50,-112.67,#891D84,Algic,Algonquian,Canada
Blang [blr],23.3,100,#E3C29B,Austroasiatic,Palaungic,China
Boazi [kvg],-7,141.25,#794CAC,Marind,,Papua New Guinea
Bobongko [bgb],-0.5,121.75,#D7807F,Malayo-Polynesian,Celebic,Indonesia
Bohutu [bxh],-10.5,150.33,#BD57AF,Oceanic,,Papua New Guinea
Bokar [adi-2],29,94.35,#61BCA8,Tibeto-Burman,Tani,India
Bontok [bnc],17.083,120.917,#C18051,Malayo-Polynesian,Philippines,Philippines
Borong_Kosorong [ksr],-6.534,147.502,#5656B8,Trans New Guinea,Finisterre-Huon,Papua New Guinea
Bouyei_west [pcc-2],25.75,107.333,#EDCFA2,Tai-Kadai,North,China
Brag-g.yab [khg-2],30.65,97.55,#2CC497,Tibeto-Burman,Bodic,China
Brahui [brh],29,67,#42865A,Dravidian,North,Pakistan
Brajbhasha [bra],27.49,77.67,#24BD49,Indo-European,Indo-Iranian,India
Brao [brb],14,107,#E1DD8E,Austroasiatic,Bahnaric,Vietnam
Breton [bre],48,-3.5,#8A6911,Indo-European,Celtic,France
Bribri [bzd],9.5,-83,#8D889D,Chibchan,West,Costa Rica
Brokpa [sgt],27.33,92,#3EA6B5,Tibeto-Burman,Bodic,Bhutan
Bruu [bru],17.167,104.333,#FFDBAB,Austroasiatic,Katuic,Thailand
Bugan [bbh],23.75,105,#D8C093,Austroasiatic,Mangic,China
Bugis [bug],-4,120,#D3835D,Malayo-Polynesian,Greater South Sulawesi,Indonesia
Bugun [bgn],27.3,92.35,#4EAF9C,Kho-Bwa,Bugun,India
Buin [buo],-6.75,155.833,#55418B,East Bougainville,,Papua New Guinea
Bukiyip_Arapesh [ape],-3.667,142.5,#AE6D7D,Torricelli,Kombio-Arapesh,Papua New Guinea
Bularnu [yil],-21.5,137.5,#4AA774,Pama-Nyungan,Ngarna,Australia
Bulgarian [bul],43,25,#6E8E17,Indo-European,Balto-Slavic,Bulgaria
Bumbita_Arapesh [aon],-3.667,142.833,#B5608C,Torricelli,Kombio-Arapesh,Papua New Guinea
Bumthang [kjz],27.8,90.8,#3CCFB5,Tibeto-Burman,Bodic,Bhutan
Bumthang_Ura [kjz-2],27.48,90.905,#3DBEC2,Tibeto-Burman,Bodic,Bhutan
Bunan [bfu],32.61,76.91,#359C86,Tibeto-Burman,Western Himalayan,India
Bunaq [bfn],-9.1,125.15,#B86EBD,Timor-Alor-Pantar,Mainland,Indonesia
Bunun [bnn],23.5,121,#CF7071,Austronesian,Bunun,Taiwan
Burarra [bvr],-12.25,134.667,#774F8A,Maningrida,,Australia
Burmese [mya],20,96,#6ABDB6,Tibeto-Burman,Lolo-Burmese,Myanmar
Burmese_Myeik [mya-2],12.43,98.6,#6BCD97,Tibeto-Burman,Lolo-Burmese,Myanmar
Burmeso [bzu],-2.447,138.209,#6A56A7,Burmeso,,Indonesia
Buru [mhs],-3.5,126.5,#CFAAA5,Malayo-Polynesian,Central Maluku,Indonesia
Burushaski [bsk],36.5,74.5,#1E6D58,Burushaski,,Pakistan
Buryat [bxm],52,108,#278564,Mongolic,Eastern,Russia
Buyang [yha],24,104.8,#E3D79A,Tai-Kadai,North,China
Buyuan Jino [jiy],22.05,101,#7FCDB9,Tibeto-Burman,Lolo-Burmese,China
Byansi [bee],30.17,80.5,#38B381,Tibeto-Burman,Western Himalayan,India
Caddo [cad],33.33,-93.5,#6725A5,Caddoan,Caddo,USA
Cahuilla [chl],33.75,-117.75,#524571,Uto-Aztecan,North,USA
Cakchiquel [ckf],14.5,-91,#9A5345,Mayan,Quiche-Mam,Guatemala
Camling [rab],27.3,86.8,#3662AA,Tibeto-Burman,Kiranti,Nepal
Campa [cni],-12,-74,#81566D,Arawak,South-Southwest,Peru
Canela-Krahô [ram],-6.5,-45,#9C7EA2,Macro-Je,Je,Brazil
Cantonese [yue],22.333,114,#A7D090,Tibeto-Burman,Sinitic,China
Capanahua [kaq],-7,-74,#3E638C,Panoan,Main,Peru
Car [caq],9.167,92.75,#A8AA4F,Austroasiatic,Nicobar,India
Carib [car],7.85,-59,#704A81,Cariban,Guianan,Guyana
Catalan [cat],41.4,2.3,#77991D,Indo-European,Romance,Spain
Cayuvava [cyb],-12.5,-67,#B94C5F,Cayuvava,,Bolivia
Cebuano [ceb],10,124,#B58054,Malayo-Polynesian,Philippines,Philippines
Chadong [cdy],25.2,110.2,#C4DEA0,Tai-Kadai,South,China
Chakma [ccp],22.9,92.23,#58B958,Indo-European,Indo-Iranian,Bangladesh
Cham_Eastern [cjm],11.333,108.5,#DDD5A9,Malayo-Polynesian,Malayo-Sumbawan,Vietnam
Cham_Western [cja],12,105.5,#E2D2A1,Malayo-Polynesian,Malayo-Sumbawan,Cambodia
Chamorro [cha],13.583,145,#C97D4B,Malayo-Polynesian,Chamorro,Guam
Chantyal [chx],28.75,83.5,#33C598,Tibeto-Burman,Bodic,Nepal
Chattisgarhi [hne],21.25,81.25,#39B144,Indo-European,Indo-Iranian,India
Chechen [che],43.13,45.54,#2B826E,Nakh-Daghestanian,Nakh,Russia
Chemehuevi [ute-3],34.33,-115.17,#516A6E,Uto-Aztecan,North,USA
Chepang [cdm],28.05,83.92,#449F99,Tibeto-Burman,Chepang,Nepal
Cherokee [chr],35.5,-83.5,#7F388F,Iroquoian,Southern,USA
Chickasaw [cic],34,-88,#784CB9,Muskogean,Western,USA
Chimariko [cid],41,-123,#5F448E,Chimariko,,USA
Chin_Daai [dao],21.1,93.65,#739BAA,Tibeto-Burman,Kuki-Chin-Naga,Myanmar
Chin_Falam [cfm],22.9,93.67,#608898,Tibeto-Burman,Kuki-Chin-Naga,Myanmar
Chin_Tiddim [ctd],23.333,93.667,#8C9FC0,Tibeto-Burman,Kuki-Chin-Naga,Myanmar
Chinook [chh],46,-124,#963C4F,Chinook,,USA
ChiNyanja [nya],-15,35,#C4666D,Niger-Kongo,Bantoid,Malawi
Chipewyan [chp],59,-106,#904D95,Dene-Yeniseic,Na-Dene,Canada
Chiricahua [apm],33.5,-108,#8C4097,Dene-Yeniseic,Na-Dene,USA
Chitimacha [ctm],29.67,-91,#63529F,Totozoquean-Chitimacha,Chitimacha,USA
Chittagong [ben-2],22.37,91.8,#2EC550,Indo-European,Indo-Iranian,Bangladesh
Chöcangacakha [cgk],27.5,90.88,#3EC7B5,Tibeto-Burman,Bodic,Bhutan
Choctaw [cho],32.25,-88.5,#7047B5,Muskogean,Western,USA
Cholon [cht],-8,-77.5,#69428D,Cholon,,Peru
Chontal [chd],18.17,-92.58,#996B3B,Mayan,Chol-Tzeltal,Mexico
Chrau [crw],10.667,107.5,#E4CE8B,Austroasiatic,Bahnaric,Vietnam
Chukchi [ckt],67,-173,#547971,Chukotko-Kamchatkan,Main,Russia
Chumash [boi],34.67,-120.25,#935B6D,Chumash,,USA
Chuukese [chk],7.333,151.75,#D1837A,Oceanic,Micronesian,USA Federated States of Micronesia
Chuvash [chv],55.5,47.5,#1E8774,Turkic,Oghur,Russia
CiLuba [lua],-6,22,#C65363,Niger-Kongo,Bantoid,Democratic Republic of the Congo
Classical Malay [xxx-96],2.2,102.5,#D79F54,Malayo-Polynesian,Malayo-Sumbawan,Malaysia
Coahuilteco [xxx-6],28,-100,#6836A4,Coahuilteco,,USA
Cocopa [coc],32.5,-115,#5627A8,Yuman-Cochimi,Yuman,USA
Coeur d'Alene [crd],47.33,-117,#983F68,Salish,Interior,USA
Cogtse Gyarong [jya],32.1,100.6,#547587,Tibeto-Burman,Qiangic,China
Comanche [com],33.5,-101.5,#4E6070,Uto-Aztecan,North,USA
Comox [coo],49.75,-125,#8C3546,Salish,Central,Canada
Coos [csz],43.5,-124.17,#76474B,Coos,,USA
Cora [crn],23.333,-99,#6D3B54,Uto-Aztecan,South,Mexico
Cornish [cor],50.5,-4.5,#988A35,Indo-European,Celtic,Britain
Cree_Plains [crk],54,-116,#943875,Algic,Algonquian,Canada
Cree_Woods [cwd],58,-102,#843E71,Algic,Algonquian,Canada
Creek [mus],30.41,-85.2,#552AAD,Muskogean,Eastern,USA
Crow [cro],45.5,-108,#812BBC,Siouan,Western,USA
Cua [cua],15.167,108.667,#D3E18C,Austroasiatic,Bahnaric,Vietnam
Cubeo [cub],1.33,-70.5,#3E5979,Tucanoan,Cubeo,Colombia
Cupeño [cup],33.17,-116.5,#324A74,Uto-Aztecan,North,USA
Czech [ces],50,14.5,#4A8B2C,Indo-European,Balto-Slavic,Czech Republic
Dadua [gal-2],-8.135,125.638,#CA7382,Malayo-Polynesian,Timoric,Timor leste
Daga [dgz],-10,149.25,#86579E,Trans New Guinea,Southeast,Papua New Guinea
Dagaare [dga],11.5,-2.5,#B8AF87,Niger-Kongo,Gur,Burkina Faso
Dagur [dta],48,124,#41A560,Mongolic,Eastern,China
Dahalik [dlk],15.75,40.25,#7E7F54,Afro-Asiatic,Semitic,Eritrea
Dakpa [dka],27.75,91.5,#43C2AD,Tibeto-Burman,Bodic,Bhutan
Damal [uhn],-4,137.5,#4D58BF,Damal,,Indonesia
Damar_West [drn],-7,128.5,#B85E84,Malayo-Polynesian,West Damar,Indonesia
Dameli [dml],35.375,71.693,#22924E,Indo-European,Indo-Iranian,Pakistan
Dami [dad],-5.315,145.613,#9358A9,Oceanic,,Papua New Guinea
Damin [xxx-7],-16.4,139.35,#629573,Tangkic,,Australia
Dani [dni],-4,138.917,#593FC7,Trans New Guinea,Dani,Indonesia
Danish [dan],56,10,#74B736,Indo-European,Germanic,Denmark
Darai [dry],27.85,84.1,#2A9F61,Indo-European,Indo-Iranian,Nepal
Darma [drd],29.84,80.517,#499494,Tibeto-Burman,Western Himalayan,India
Dekwana [mch],4.5,-63.5,#6E3190,Cariban,Guianan,Venezuela
Denaina [tfn],62,-150,#8E2DB1,Dene-Yeniseic,Na-Dene,USA
Denjongkha [sip],27.5,88.5,#6DDBA0,Tibeto-Burman,Bodic,India
Dhao [nfa],-10.83,122.75,#D77877,Malayo-Polynesian,Flores-Sawu-Sumba,Indonesia
Dharawal [tbh],-34.5,150.5,#57B396,Pama-Nyungan,Yuin,Australia
Dharuk [xxx-8],-33.1,151.75,#406E88,Pama-Nyungan,Yuin,Australia
Dharumbal [bjy],-22.75,150,#519880,Pama-Nyungan,Rockhampton,Australia
Dhimal [dhi],26.6,86.75,#389E87,Tibeto-Burman,Bodic,Nepal
Didinga [did],4.33,33.6,#894E4E,Nilo-Saharan,Eastern Sudanic,Sudan
Diegueño [dih],32.67,-116.17,#5F3A9D,Yuman-Cochimi,Yuman,USA
Digaru Mishmi [mhu],28.2,96.2,#3A9A9A,Tibeto-Burman,Tani,India
Dimasa [dis],25.33,93,#5A95B6,Tibeto-Burman,Bodo-Garo,India
Dime [dim],6.25,36.33,#429A69,Afro-Asiatic,Omotic,Ethiopia
Dimili [diq],38,40,#359346,Indo-European,Indo-Iranian,Turkey
Dingri [bod-4],28.567,86.633,#41B4AB,Tibeto-Burman,Bodic,China
Diola [dyo],13,-16,#CD5466,Niger-Kongo,Atlantic,Senegal
Diyari [dif],-28,139,#5B7C7B,Pama-Nyungan,Karnic,Australia
Djabugay [dyy],-16.65,145.5,#42A482,Pama-Nyungan,Yidinic,Australia
Djambarrpuyngu [djr],-12,135.5,#55997B,Pama-Nyungan,Yolngu,Australia
Djapu [duj],-12.667,136,#61966E,Pama-Nyungan,Yolngu,Australia
Djaru [ddj],-18.75,128,#518D81,Pama-Nyungan,Ngumbin-Yapa,Australia
Djinang [dji],-12.5,134.833,#4F9B76,Pama-Nyungan,Yolngu,Australia
Djingili [jig],-17.25,133.833,#646671,Mirndi,Barkly,Australia
Dobel [kvo],-6.083,134.5,#BF4A88,Malayo-Polynesian,Southeast Maluku,Indonesia
Dogon [dbu],14.5,-2.5,#5C63A1,Niger-Kongo,Dogon,Mali
Dohoi [otd],-0.5,113,#D56E68,Malayo-Polynesian,Barito,Indonesia
Dolpo [dre],29,83,#47B3C9,Tibeto-Burman,Bodic,Nepal
Dom [doa],-6,144.917,#7167B9,Trans New Guinea,Chimbu,Papua New Guinea
Domung [dev],-5.82,146.68,#5A5892,Trans New Guinea,Finisterre-Huon,Papua New Guinea
Dong [doc],26,109,#D5D48F,Tai-Kadai,South,China
Dongwang [khg],28.25,99.55,#4AC3AF,Tibeto-Burman,Bodic,China
Doutai [tds],-3.25,138.25,#73A5AB,Lakes Plains,Eastern,Indonesia
Doyayo [dow],8.67,13.08,#B35886,Adamawa-Ubangi,Adamawa,Cameroon
Drehu [dhv],-21,167.083,#D6A65A,Oceanic,Southern Oceanic,New Caledonia
Drokpa [bod-5],29.05,84.5,#36BDB4,Tibeto-Burman,Bodic,China
Dulong [duu],28,98.333,#5AA1A2,Tibeto-Burman,Nungish,China
Dumaki [dmk],36.167,74,#2FB952,Indo-European,Indo-Iranian,Pakistan
Dumi [dus],27.25,86.67,#407B9A,Tibeto-Burman,Kiranti,Nepal
Dumo [vam],-2.667,141.25,#B27BB5,Skou,West,Papua New Guinea
Duna [duc],-5.417,142.5,#5395E0,Trans New Guinea,Duna,Papua New Guinea
Dura [drq],28.5,84.25,#3ECA81,Tibeto-Burman,Dura,Nepal
Dutch [nld],52,7,#6E9D1A,Indo-European,Germanic,Netherlands
Dyirbal [dbl],-17.583,145.5,#689585,Pama-Nyungan,Dyirbalic,Australia
Dzongkha [dzo],27.5,89.5,#34ADA0,Tibeto-Burman,Bodic,Bhutan
Eastern Lawa [lwl],19.01,98.76,#ECDF92,Austroasiatic,Waic,Thailand
Edolo [etr],-6.083,142.667,#4D6BC1,Trans New Guinea,Bosavi,Papua New Guinea
Ejagham [etu],5.6,9,#A47787,Niger-Kongo,Bantoid,Cameroon
Ekagi [ekg],-3.917,136.25,#7149B5,Trans New Guinea,Wissel Lakes,Indonesia
Elopi [dbf],-3.083,137.333,#9DA9C3,Lakes Plains,Eastern,Indonesia
Embaloh [emb],1.163,112.37,#E66E76,Malayo-Polynesian,Greater South Sulawesi,Indonesia
Embera_Baudo [bdc],5.2,-76.8,#698C96,Chocoan,Emberá,Colombia
Enggano [eno],-5.333,102.25,#CA7066,Malayo-Polynesian,Batak-Barrier Islands,Indonesia
English [eng],52,0,#7EA213,Indo-European,Germanic,Britain
Erzgebirgisch [nds-3],50.58,13,#688A2B,Indo-European,Germanic,Germany
Estonian [est],59,25,#599E2B,Uralic,Finnic,Estonia
Eton [eto],4,11.5,#C45E6A,Niger-Kongo,Bantoid,Cameroon
Even [eve],68,130,#3E7286,Tungusic,North,Russia
Evenki [evn],56,125,#327870,Tungusic,North,Russia
Ewe [ewe],6,1,#C4847F,Niger-Kongo,Kwa,Ghana
Eyak [eya],60.5,-145,#643D90,Dene-Yeniseic,Na-Dene,USA
Fang [fan],0.5,11,#C65E70,Niger-Kongo,Bantoid,Equatorial Guinea
Faroese [fao],61.5,-7,#61BC1A,Indo-European,Germanic,Denmark
Farsi [pes],32,54,#6D773B,Indo-European,Indo-Iranian,Iran
Fasu [faa],-6.417,143.167,#4563C6,Trans New Guinea,Kutubuan,Papua New Guinea
Fijian [fij],-18,178.333,#C77367,Oceanic,Central Pacific,Fiji
Finnish [fin],62,25,#59922A,Uralic,Finnic,Finland
Fordata [frd],-7.17,131.5,#D4609C,Malayo-Polynesian,Southeast Maluku,Indonesia
Fore [for],-6.75,145.5,#4146A1,Trans New Guinea,Gorokan,Papua New Guinea
French [fra],48,3,#83A01B,Indo-European,Romance,France
Frisian [frs],53.2,5.76,#75B029,Indo-European,Germanic,Netherlands
Fula [fuh],11.5,-12.5,#A95477,Niger-Kongo,Atlantic,Guinea
Fulniô [fun],-8.2,-37.3,#5452B3,Macro-Je,Yate,Brazil
Fur [fvr],13,25,#6B9892,Nilo-Saharan,Fur,Sudan
Futuna_West [fut-2],-19.667,170.667,#C6A774,Oceanic,Central Pacific,Vanuatu
Fuyuge [fuy],-8.667,147.333,#7089AF,Trans New Guinea,Goilala,Papua New Guinea
Fuzhou [cdo],26.5,119,#A0DB8C,Tibeto-Burman,Sinitic,China
Ga'anda [gqa],10.33,12.58,#AE5979,Afro-Asiatic,Chadic,Nigeria
Gaagudju [gbu],-12.583,132.833,#96507F,Gaagudju,,Australia
Gaahmg [tbi-2],11.767,34.35,#B2847B,Nilo-Saharan,East_Sudanic,Sudan
Gabigabi [xxx1],-25.5,153,#5BAB9C,Pama-Nyungan,WakaKabic,Australia
Gadsup [gaj],-6.333,146,#3D5797,Trans New Guinea,Kainantu,Papua New Guinea
Gahuku [gah],-6.083,145.4,#383E9B,Trans New Guinea,Gorokan,Papua New Guinea
Galela [gbi],2,128.417,#C45D9F,West Papuan,North Halmahera,Indonesia
Galo [adi],28,94.75,#588FB4,Tibeto-Burman,Tani,India
Galolen [gal],-8.58,126,#C27696,Malayo-Polynesian,Timoric,Timor leste
Gamilaraay [kld-2],-31,149.5,#488D78,Pama-Nyungan,,Australia
Gapapaiwa [pwg],-9.8,149.833,#9B5894,Oceanic,Western Oceanic,Papua New Guinea
Garawa [gbc],-17.25,137.667,#6B8C67,Wanyi-Garrwa,,Australia
Garo [grt],26,90,#5B8FAF,Tibeto-Burman,Bodo-Garo,India
Gathang [kda],-32,152.5,#50A18E,Pama-Nyungan,Yuin,Australia
Gayo [gay],4.55,96.95,#D98A6B,Malayo-Polynesian,Batak-Barrier Islands,Indonesia
Gbaya-Kara [gya],6,15,#CE8B9F,Adamawa-Ubangi,Ubangi,Central African Republic
Gbaya-Mbodomo [mdo],4.5,15,#B68C85,Adamawa-Ubangi,Ubangi,Central African Republic
Gbeya_Bossangoa [gbp],6.67,17.5,#BC8575,Adamawa-Ubangi,Ubangi,Central African Republic
Gela [nlg],-9.167,160.333,#D26754,Oceanic,Southeast Solomonic,Solomons
Gelao [gio],22.92,105.5,#D3D5A0,Tai-Kadai,North,China
Georgian [kat],41.72,44.78,#46864C,Kartvelian,Georgian,Georgia
German [deu],50,10,#62AA13,Indo-European,Germanic,Germany
German_Swiss [gsw],46.975,8.405,#68AB24,Indo-European,Germanic,Switzerland
Ghale [ghe],28.25,84.9,#2AC2A3,Tibeto-Burman,Ghale,Nepal
Gikuyu [kik],-0.75,36.75,#C35969,Niger-Kongo,Bantoid,Kenya
Gimi [gim],-6.639,145.377,#3941B3,Trans New Guinea,Gorokan,Papua New Guinea
Gitksan [git],55.33,-127.75,#9B6263,Tsimshian,,Canada
Gogodala [ggw],-8.083,143,#3A56A4,Trans New Guinea,Suki-Gogodala,Papua New Guinea
Gojri [gju],33,76,#259E4C,Indo-European,Indo-Iranian,India
Golden Palaung [pll],22.97,97.17,#DFD97D,Austroasiatic,Palaungic,Myanmar
Golin [gvf],-6.25,144.833,#6B61B9,Trans New Guinea,Chimbu,Papua New Guinea
Gondi [gno],19,84.6,#19B563,Dravidian,South-central,India
Gooniyandi [gni],-18.5,126.6,#83637C,Bunuban,,Australia
Gorontalo [gor],0.5,122,#C97A6D,Malayo-Polynesian,Philippines,Indonesia
Gorum [pcj],18.5,82.733,#3F617F,Austroasiatic,Munda,India
Great Andamanese [abj],12.5,92.83,#446D91,Andaman,,India
Grebo [gry],5.3,-8,#9D9273,Niger-Kongo,Kru,Liberia
Greek [ell],38,23,#658C09,Indo-European,Greek,Greece
Green_Hmong [hnj],28,105,#D2D773,Hmong-Mien,Hmongic,China
Greenlandic [kal],61,-48,#3E4087,Eskimo-Aleut,Eskimo,Greenland (Denmark)
Gtaq [gaq],18.633,83.5,#4B728E,Austroasiatic,Munda,India
Gtob [gbj],18.583,82.867,#49768C,Austroasiatic,Munda,India
Guajajara [gub],-5,-45,#A43FA5,Tupi,Tupi-Guarani,Brazil
Guajira [guc],12,-72,#AA466B,Arawak,North,Colombia
Guarani [gug],-23,-56,#A35C7F,Tupi,Tupi-Guarani,Paraguay
Gubeeher [bcb],12.5,-16.5,#BF476C,Niger-Kongo,Atlantic,Senegal
GuhuSamane [ghs],-8,147.25,#4154B7,Trans New Guinea,Southeast,Papua New Guinea
Gujarati [guj],23.25,72.7,#28B529,Indo-European,Indo-Iranian,India
Gumawana [gvs],-9.25,150.833,#B64B98,Oceanic,Western Oceanic,Papua New Guinea
Gumbaynggir [kgs],-30.4,152.5,#577E97,Pama-Nyungan,Central-East,Australia
Gününa Yajich [xxx-41],-38,-62.5,#75637B,Chonan,,Argentina
Gureng Gureng [gnr],-25.25,151,#569C84,Pama-Nyungan,Central-East,Australia
Gurr-goni [gge],-12.25,134.417,#765B85,Maningrida,,Australia
Gurung [gvr],28.333,84.333,#3FC4AB,Tibeto-Burman,Bodic,Nepal
Guugu Yimidhirr [kky],-15,144.833,#499E83,Pama-Nyungan,Southeast Cape York,Australia
Haa Zongkha [dzo-2],27.135,89.12,#3CCAB3,Tibeto-Burman,Bodic,Bhutan
Hadoti [hoj],25.1,76.52,#37A243,Indo-European,Indo-Iranian,India
Haida [hdn],53,-132,#7E8086,Haida,,Canada
Hajong [haj],26.2,90.5,#39C099,Indo-European,Indo-Iranian,India
Hakha_Lai [cnh],22.667,93.667,#82A4AF,Tibeto-Burman,Kuki-Chin-Naga,Myanmar
Hakka [hak],24.25,116.5,#A9CA84,Tibeto-Burman,Sinitic,China
Halkomelem [hur],49.5,-122.5,#8D3347,Salish,Central,Canada
Hanga_Hundi [wos],-3.833,142.833,#448186,Sepik,Ndu,Papua New Guinea
Hangzhou [wuu-2],30.25,120.167,#A6D97A,Tibeto-Burman,Sinitic,China
Harsusi [hss],19.7,55.85,#7B7026,Afro-Asiatic,Semitic,Oman
Hatam [had],-1,134,#BA7FB5,Hatam,,Indonesia
Hausa [hau],12,7,#BB6E53,Afro-Asiatic,Chadic,Nigeria
Hawaiian [haw],21,-157,#AC976A,Oceanic,Central Pacific,USA
Hayu [vay],27.25,86,#4D939E,Tibeto-Burman,Kiranti,Nepal
Hebrew [heb],31.75,35.17,#9C740B,Afro-Asiatic,Semitic,Israel
Helong [heg],-10.25,123.67,#CB7D88,Malayo-Polynesian,Timoric,Indonesia
Herero [her],-21,20,#B4565D,Niger-Kongo,Bantoid,Namibia
Hezhou [cmn-64],35.6,103.22,#7BE395,Tai-Kadai,North,China
Hidatsa [hid],48,-110,#6C12B4,Siouan,Western,USA
Hiligaynon [hil],10.25,123,#B6885D,Malayo-Polynesian,Philippines,Philippines
Hill_Madia [mrr],18.9,81.15,#22776C,Dravidian,South-central,India
Hindi [hin],27.2,79.5,#2CB629,Indo-European,Indo-Iranian,India
Hiw [hiw],-13.25,166.5,#CA6A99,Oceanic,Southern Oceanic,Vanuatu
Hixkaryana [hix],1.5,-60,#844171,Cariban,Parukotan,Brazil
Hkongso [mro],21.5,93,#97D6A0,Tibeto-Burman,Mru,Myanmar
Hlai [lic],19.05,109.9,#E0DDA3,Tai-Kadai,South,China
Hlersu [hle],24.05,101.975,#73D6AC,Tibeto-Burman,Lolo-Burmese,China
Hmar [hmr],25,92.2,#57B9A2,Tibeto-Burman,Kuki-Chin-Naga,India
Ho [hoc],22,86,#536B7D,Austroasiatic,Munda,India
Hobyot [hoh],16.21,52.2,#7C6B2F,Afro-Asiatic,Semitic,Oman
Holoholo [hoo],-5.5,28.25,#BC5E65,Niger-Kongo,Bantoid,Democratic Republic of the Congo
Hopi [hop],36,-110,#40598D,Uto-Aztecan,North,USA
Hote_Misim [hot],-7.027,146.924,#CB7A9F,Oceanic,,Papua New Guinea
Hresuk [adb],-8.22,125.61,#D8A29B,Malayo-Polynesian,Timoric,Timor leste
Hua [ygr],-6.333,145.3,#39509D,Trans New Guinea,Gorokan,Papua New Guinea
Huastec [hsf],22.08,-99.33,#A65942,Mayan,Huastecan,Mexico
Huichol [hch],22,-104,#464D94,Uto-Aztecan,South,Mexico
Hungarian [hun],47,19,#5F9E32,Uralic,Ugric,Hungary
Hunzib [huz],42.16,46.23,#278961,Nakh-Daghestanian,Tsezic,Russia
Hup [jup],0.167,-69.25,#55829C,Nadahup,,Brazil
Hupa [hup],41.08,-123.67,#7A4C87,Dene-Yeniseic,Na-Dene,USA
I’saka [ksi],-2.9,141.4,#9F4CB7,Skou,South,Papua New Guinea
Iaai [iai],-20.417,166.417,#DC8454,Oceanic,Southern Oceanic,New Caledonia
Iatmul [ian],-4.25,143.25,#327F9A,Sepik,Ndu,Papua New Guinea
Iau [tmu],-3.167,138,#9699B5,Lakes Plains,Eastern,Indonesia
Iban [iba],2,112,#E7BE7A,Malayo-Polynesian,Malayo-Sumbawan,Malaysia
Icelandic [isl],65,-19,#63B918,Indo-European,Germanic,Iceland
Idu Mishmi [clk],29,96,#5EA1B8,Tibeto-Burman,Tani,India
Ifugao_Batad [ifb],16.833,121.083,#B57D4A,Malayo-Polynesian,Philippines,Philippines
Igbo [ibo],6,7.33,#AA8386,Niger-Kongo,Igboid,Nigeria
Iha [ihp],-2.8,132.35,#6651C3,Trans New Guinea,Bomberai,Indonesia
Ik [ikx],3.75,34.17,#788555,Nilo-Saharan,Kuliak,Uganda
Ika [arh],10.75,-73.5,#56689D,Chibchan,East,Colombia
Ilokano [ilo],16,121,#B28144,Malayo-Polynesian,Philippines,Philippines
Imonda [imn],-3.25,141.167,#717193,Trans New Guinea,Border,Papua New Guinea
Inanwatan [szp],-2.17,132,#7D36AF,Trans New Guinea,South Birds Head,Indonesia
Indonesian [ind],-2.5,104.75,#E59C63,Malayo-Polynesian,Malayo-Sumbawan,Indonesia
Ingush [inh],42.97,44.77,#289273,Nakh-Daghestanian,Nakh,Russia
Iñupiaq [esi],68.13,-151.72,#2D4587,Eskimo-Aleut,Eskimo,USA
Irabu_Ryukyu [mvi-3],24.833,125.183,#379DA3,Japonic,Ryukyuan,Japan
Iraqw [irk],-3.5,35,#8F7D67,Afro-Asiatic,Cushitic,Tanzania
Irarutu [irh],-3,133.5,#CE6197,Malayo-Polynesian,Eastern Malayo-Polynesian,Indonesia
Irish [gle],53,-7,#917A1F,Indo-European,Celtic,Ireland
Irula [iru],13,77,#189072,Dravidian,South,India
Italian [ita],43,14,#899E17,Indo-European,Romance,Italy
Itelmen [itl],57,157.5,#455A55,Chukotko-Kamchatkan,Main,Russia
Ivatan_Southern [ivv],20.33,121.83,#B78563,Malayo-Polynesian,Bashiic,Philippines
Ivori [ago],-7.456,145.583,#503AB6,Trans New Guinea,Angan,Papua New Guinea
Iwam [iwm],-4.25,141.83,#5A799B,Sepik,Iwam,Papua New Guinea
Iyo [nca-2],-5.807,146.143,#7152B8,Trans New Guinea,Finisterre-Huon,Papua New Guinea
Izi [izi],6.332,8.104,#D8CD97,Niger-Kongo,Igboid,Nigeria
Jacaltec [jac],15.75,-91.75,#B24A57,Mayan,Kanjobal-Chuj,Guatemala
Jahai [jhi],5.9,101.5,#CA8966,Austroasiatic,Aslian,Malaysia
Jambi Malay [jax],-1.75,103,#F89C69,Malayo-Polynesian,Malayo-Sumbawan,Indonesia
Jaminjung [djd],-15.083,130.5,#474B7C,Mirndi,West,Australia
Jamul Tiipay [dih-2],32.17,-116.5,#76439F,Yuman-Cochimi,Yuman,USA
Japanese [jpn],37,140,#4F9D83,Japonic,Japanese,Japan
Jaqaru [jqr],-12.85,-76,#35636B,Aymaran,,Peru
Jarawa [anq],11.167,92.5,#5BA685,Andaman,,India
Javanese [jav],-7.5,110.667,#EAA765,Malayo-Polynesian,Javanic,Indonesia
Jebero [jeb],-5.2,-76.4,#6D4272,Cahuapanan,,Peru
Jejara [pzn],25.45,94.95,#B0D2B1,Tibeto-Burman,Kuki-Chin-Naga,Myanmar
Jero [jee],27.2,86.25,#3185AF,Tibeto-Burman,Kiranti,Nepal
Jiaomuzu [qxs-2],31.9,102.43,#5B8C92,Tibeto-Burman,Qiangic,China
Jibbali [shv],17.2,54.9,#7F6F10,Afro-Asiatic,Semitic,Oman
Jingpho [kac],28,98,#9EE2B6,Tibeto-Burman,Jingpho,Myanmar
Jirel [jul],27.65,86.23,#22A096,Tibeto-Burman,Bodic,Nepal
Jivaro [jiv],-3,-78.25,#3A7A68,Jivaroan,,Ecuador
Jomang [tlo],10.58,30.5,#B1748C,Kordofanian,Talodi,Sudan
Jru [lbo],15.333,106.333,#F2C4A0,Austroasiatic,Bahnaric,Laos
Ju|'hoan [ktz],-19,21,#D2A692,Kx'aa,,Namibia
Juang [jun],21.167,85.833,#467280,Austroasiatic,Munda,India
Juba_Arabic [apd-2],4.85,31.6,#CEBE78,Afro-Asiatic,Semitic,Sudan
K'chò [mwq],20.29,94.39,#6281A0,Tibeto-Burman,Kuki-Chin-Naga,Myanmar
Kabardian [kbd],43.52,43.63,#393B8B,North-west Caucasus,Circassian,Russia
Kabyle [kab],36.5,5,#905133,Afro-Asiatic,Berber,Algeria
Kachi [gjk],23.25,69.67,#259E38,Indo-European,Indo-Iranian,India
Kadazan [kzj],5.917,117.167,#C38B58,Malayo-Polynesian,North Borneo,Malaysia
Kadiwéu [kbc],-20,-57,#A14D6F,Guaicuruan,Northern,Brazil
Kaera [xxx11],-8.38,124.21,#AB73BC,Timor-Alor-Pantar,Alor-Pantar,Indonesia
Kagoshima [jpn-5],31.6,130.55,#42A293,Japonic,Japanese,Japan
Kaike [kzq],28.9,83.17,#30A8AD,Tibeto-Burman,Bodic,Nepal
Kairiru [kxa],-3.417,143.583,#BB60AC,Oceanic,Western Oceanic,Papua New Guinea
Kakua [cbv],1.08,-70,#2D4BA1,Nadahup,,Brazil
Kala Lagaw Ya [mwp],-10.12,142.12,#4CC58D,Pama-Nyungan,Torres Strait,Australia
Kalam [kmh],-5.25,144.583,#6A72AC,Trans New Guinea,Madang,Papua New Guinea
Kalami [gwc],35.48,72.59,#33AF55,Indo-European,Indo-Iranian,Pakistan
Kalasha [kls],35.73,71.75,#2A9658,Indo-European,Indo-Iranian,Pakistan
Kalkatungu [ktg],-21,139.5,#446482,Pama-Nyungan,Kalkatungu,Australia
Kalkoti [xka],21.91,79,#25B26C,Indo-European,Indo-Iranian,India
Kalmyk [xal],45,47,#3D9971,Mongolic,Eastern,Russia
Kalo [khz-2],-10.13,147.95,#763E94,Oceanic,,Papua New Guinea
Kamang [woi],-8.25,124.833,#B158C2,Timor-Alor-Pantar,Alor-Pantar,Indonesia
Kamasau [kms],-3.83,143.83,#AA72B1,Torricelli,Marienberg,Papua New Guinea
Kamba [kam],-2,38,#C26066,Niger-Kongo,Bantoid,Kenya
Kambera [xbr],-9.833,120.5,#E17B80,Malayo-Polynesian,Flores-Sawu-Sumba,Indonesia
Kambran [bed],-2.78,132.7,#BC8EAA,Malayo-Polynesian,Eastern Malayo-Polynesian,Indonesia
Kamoro [kgq],-4.333,136,#433BB1,Trans New Guinea,Asmat-Kamoro,Indonesia
Kamrup_Barpetiya [asm-5],26.53,91,#35A55A,Indo-European,Indo-Iranian,India
Kamula [xla],-7.3,142.5,#475CC8,Trans New Guinea,Bosavi,Papua New Guinea
Kanakuru [kna],10,12,#A68168,Afro-Asiatic,Chadic,Nigeria
Kanashi [xns],32,77.55,#3EB767,Tibeto-Burman,Western Himalayan,India
Kangri [xnr],31.5,77,#1AA356,Indo-European,Indo-Iranian,India
Kannada [kan],15,76,#239166,Dravidian,South,India
Kannada_Bidar [kan-2],17.8,77.15,#21A263,Dravidian,South,India
Kanoê [kxo],-12.5,-62.25,#6044A2,Kanoê,,Brazil
Kanum [kcd],-8.583,140.75,#48686B,South New Guinea,,Indonesia
Kanuri [knc],11.25,14.25,#6B6870,Nilo-Saharan,Saharan,Cameroon
Kapampangan [pam],15.333,120.5,#B5644C,Malayo-Polynesian,Philippines,Philippines
Kapau [hmt],-7.667,146.167,#6139A5,Trans New Guinea,Angan,Papua New Guinea
Karachay-Balkar [krc],44,42,#27A265,Turkic,North-west,Russia
Karaim [kdr],54.63,24.93,#589E44,Turkic,North-west,Lithuania
Karajarri [gbd],-18.5,122.5,#4BA081,Pama-Nyungan,Marngu,Australia
Karakalpak [kaa],43,60,#249A69,Turkic,North-west,Uzbekistan
Karas Laut [kgv],-3.6,132.667,#55729C,Trans New Guinea,Bomberai,Indonesia
Karbi [mjw],26.2,93.5,#548CB2,Tibeto-Burman,Mikir,India
Karen [bwe],17,98,#E3D2B0,Tibeto-Burman,Karen,Myanmar
Karen_Geba [kvq],19.02,96.58,#E5C7A7,Tibeto-Burman,Karen,Myanmar
Karen_Pho [pwo],14.333,98.3,#D8DDAE,Tibeto-Burman,Karen,Myanmar
Karen_Pho_Kyonbyaw [pwo-3],17.6,95.2,#E8C0B3,Tibeto-Burman,Karen,Myanmar
Karen_Sgaw [ksw],16.9,94.9,#E0D4A4,Tibeto-Burman,Karen,Myanmar
KarkarYuri [yuj],-3.75,141.083,#5F7FB8,Trans New Guinea,Karkar-Yuri,Papua New Guinea
Karo_Batak [btx],3,98.167,#CD7D60,Malayo-Polynesian,Batak-Barrier Islands,Indonesia
Karok [kyh],41.67,-123,#5E3D8B,Karok,,USA
Kashmiri [kas],34,76,#259A43,Indo-European,Indo-Iranian,India
Kasua [khs],-6.513,143.005,#5493B4,Trans New Guinea,Bosavi,Papua New Guinea
Kate [kmg],-6.5,147.833,#5A50AC,Trans New Guinea,Finisterre-Huon,Papua New Guinea
Kati_North [yon],-5.5,141,#6D4AC5,Trans New Guinea,Ok,Indonesia
Katu [ktv],15.833,107.583,#DAD18B,Austroasiatic,Katuic,Vietnam
Kaugel [ubu],-5.95,144.167,#4E60AC,Trans New Guinea,Chimbu,Papua New Guinea
Kaulong [pss],-6.25,150.5,#C36BA6,Oceanic,Western Oceanic,Papua New Guinea
Kaure [bpp],-3.333,139.333,#4253AE,Trans New Guinea,Kaure,Indonesia
Kawaiisu [xaw],36,-117.5,#634A72,Uto-Aztecan,North,USA
Kayah_Li [eky],19,98,#BDC1B5,Tibeto-Burman,Karen,Myanmar
Kayan Lahta [kvt],20.18,97.38,#D8DBAC,Tibeto-Burman,Karen,Myanmar
Kayardild [gyd],-17.05,139.5,#51857F,Tangkic,,Australia
Kazakh [kaz],50,70,#228E71,Turkic,North-west,Kazakhstan
Kedang [ksx],-8.25,123.75,#CF7C99,Malayo-Polynesian,Timoric,Indonesia
Kei [kei],-5.67,133.08,#CB8698,Malayo-Polynesian,Kei,Indonesia
Kéo [xxk],-8.83,121.25,#EDBD82,Malayo-Polynesian,Flores-Sawu-Sumba,Indonesia
Kera [ker],9.83,15.08,#B19282,Afro-Asiatic,Chadic,Chad
Keraq [unr-2],24,85.2,#43826E,Austroasiatic,Munda,India
Kerinci [kvr],-2.15,101.5,#B5AF5D,Malayo-Polynesian,Malayo-Sumbawan,Indonesia
Kesui [wah],-4.5,131.667,#CC699F,Malayo-Polynesian,Central Maluku,Indonesia
Ket [ket],64,87,#82795F,Dene-Yeniseic,Yeniseic,Russia
Keuw [khh],-3.2,136.2,#A4ABCE,Keuw,,Indonesia
Kewa [kew],-6.333,143.75,#4F809E,Trans New Guinea,Engan,Papua New Guinea
Khakas [kjh],53,90,#239374,Turkic,North-east,Russia
Khalaj [klj],35,50,#3F9764,Turkic,South-west,Iran
Khaling [klr],27.6,86.7,#44819C,Tibeto-Burman,Kiranti,Nepal
Khalkha [khk],47,108,#2EAA72,Mongolic,Eastern,Mongolia
Kham [kgj],28.5,82.75,#2F8996,Tibeto-Burman,Kham,Nepal
Khanty [kca],65,65,#618B72,Uralic,Ugric,Russia
Kharia [khr],22.5,83.5,#448677,Austroasiatic,Munda,India
Khasi [kha],26,92,#A8C45E,Austroasiatic,Khasic,India
Khengkha [xkf],27.28,90.75,#44C0BE,Tibeto-Burman,Bodic,Bhutan
Khmer [khm],12,105,#E6CF96,Austroasiatic,Khmer,Cambodia
Khmu [kjg],19,100.75,#DDD387,Austroasiatic,Khmuic,Thailand
Khowar [khw],36.5,72.5,#249D6A,Indo-European,Indo-Iranian,Pakistan
Kija [gia],-17.5,127.75,#484290,Jarrakan,,Australia
Kilivila [kij],-8.5,151,#D9517E,Oceanic,Western Oceanic,Papua New Guinea
Kiluba [lub],-8.5,26,#CA5B73,Niger-Kongo,Bantoid,Democratic Republic of the Congo
Kimaama [kig],-8,138.883,#9D7EC3,Kolopom,,Indonesia
Kinnauri [kfk],31.5,78.25,#439E73,Tibeto-Burman,Western Himalayan,India
KinyaRwanda [kin],-2,30,#B65B5F,Niger-Kongo,Bantoid,Rwanda
Kiowa [kio],37,-99,#75458E,Kiowa-Tanoan,Kiowa-Towa,USA
Kirghiz [kir],42,75,#1F8D6C,Turkic,North-west,Kyrgystan
Kiribati [gil],1.333,173,#E26958,Oceanic,Micronesian,Kiribati
Kisi [kss],8.83,-10.17,#C07878,Niger-Kongo,Atlantic,Guinea
Kitanemuk [xxx-43],34.5,-117.5,#685870,Uto-Aztecan,North,USA
Kiwai [kjd],-8.583,143.25,#6B5989,Trans New Guinea,Kiwaian,Papua New Guinea
Klamath [kla],42.5,-121.5,#5E7246,Oregon Penutian,,USA
Klon [kyo],-8.417,124.417,#B976BF,Timor-Alor-Pantar,Alor-Pantar,Indonesia
Koasati [cku],34.83,-85.17,#613DA4,Muskogean,Eastern,USA
Kobon [kpw],-5.167,144.417,#7A6CB3,Trans New Guinea,Madang,Papua New Guinea
Kodagu [kfa],13.08,76.42,#259F6B,Dravidian,South,India
Koiali_Mountain [kpx],-9.083,147.5,#5C4AB7,Trans New Guinea,Koiari,Papua New Guinea
Koiwai [kwh],-4,134,#C05C8E,Malayo-Polynesian,Koiwai,Indonesia
Kokborok [trp],24.33,92.5,#3390AF,Tibeto-Burman,Bodo-Garo,India
Kokota [kkk],-8,159.25,#BB6F5A,Oceanic,Western Oceanic,Solomons
Kola [kvv],-5.42,134.5,#D56689,Malayo-Polynesian,Southeast Maluku,Indonesia
Kolami [kfb],20,78.5,#24B45D,Dravidian,Central,India
Kolana [kvw],-8.3,125.133,#A25BC6,Timor-Alor-Pantar,Alor-Pantar,Indonesia
Kolokuma [ijc],4.92,5.67,#52749A,Niger-Kongo,Ijoid,Nigeria
Koluwawa [klx],-9.418,150.437,#B54B99,Oceanic,,Papua New Guinea
Komba [kpf],-6.137,147.281,#5356BA,Trans New Guinea,Finisterre-Huon,Papua New Guinea
Kombai [tyn],-5.75,140,#8564BA,Trans New Guinea,Awyu-Dumut,Indonesia
Kombio [xbi],-3.5,142.77,#C56EB1,Torricelli,Kombio-Arapesh,Papua New Guinea
Komo [xom],9,33.75,#BD7068,Nilo-Saharan,Komuz,Democratic Republic of the Congo
Komodo [knh],-8.5,119.5,#E59972,Malayo-Polynesian,Bima,Indonesia
Konai [kxw],-5.655,142.07,#6867D5,Trans New Guinea,Bosavi,Papua New Guinea
Kongo [kng],-5,15,#D26266,Niger-Kongo,Bantoid,Democratic Republic of the Congo
Konjo [kjc],-5.333,119.833,#D16E5D,Malayo-Polynesian,Greater South Sulawesi,Indonesia
Konkani [knn],15.25,74.4,#27B850,Indo-European,Indo-Iranian,India
Konso [kxc],5.4,37.5,#797874,Afro-Asiatic,Cushitic,Ethiopia
Korana [kqz],-26,22,#657670,Khoe,Khoe,Botswana
Korean [kor],37,128,#4BB777,Korean,,Korea
Korku [kfq],25,78.5,#47975F,Austroasiatic,Munda,India
Koro [hru-2],27.25,92.8,#4C9BA1,Tibeto-Burman,Siangic,India
Koromfe [kfz],14.25,-0.92,#B3766F,Niger-Kongo,Gur,Burkina Faso
Korowai [khe],-5.417,140.45,#486CA1,Trans New Guinea,Awyu-Dumut,Indonesia
Kosraean [kos],5.3,163,#D5896A,Oceanic,Micronesian,USA Federated States of Micronesia
Koya [kff],17.5,81.333,#21AA58,Dravidian,South-central,India
Koyi [kkt],27.4,86.9,#336E98,Tibeto-Burman,Kiranti,Nepal
Koyra Chiini [khq],16.75,3.5,#BE8D7D,Nilo-Saharan,Songhai,Mali
Kpelle [xpe],7,-10,#977779,Mande,Western,Liberia
Krongo [kgo],10.5,30,#AF7676,Kordofanian,Katla,Sudan
Ku Waru [xxx4],-6,144.15,#4D65AA,Trans New Guinea,Chimbu,Papua New Guinea
Kuanua [ksd],-4.4,152.167,#C97F5F,Oceanic,Western Oceanic,Papua New Guinea
Kube [kgf],-6.444,147.515,#6853AD,Trans New Guinea,Finisterre-Huon,Papua New Guinea
Kui [kvd],-8.583,124.75,#AA53C5,Timor-Alor-Pantar,Alor-Pantar,Indonesia
Kui [kxu],20,83.5,#2FB063,Dravidian,South-central,India
Kukatj [xxx-38],-17.95,140.8,#528082,Pama-Nyungan,,Australia
Kuke [ght],28.531,84.846,#4294A0,Tibeto-Burman,Kuke,Nepal
Kuku Nganhcara [wua],-14.8,141.9,#699991,Pama-Nyungan,West Cape York,Australia
Kuku Yalanji [gvn],-16,145,#54AD70,Pama-Nyungan,KukuYalanji,Australia
Kuman [kue],-5.917,144.917,#5D5FAF,Trans New Guinea,Chimbu,Papua New Guinea
Kumauni [kfy],30,80,#1DB543,Indo-European,Indo-Iranian,India
Kumzari [zum],26,56.3,#9A7379,Indo-European,Indo-Iranian,Oman
Kunama [kun],14.5,37,#76708E,Nilo-Saharan,Kunama,Eritrea
Kundal_Shahi [shd],34.55,73.84,#1FA74D,Indo-European,Indo-Iranian,Pakistan
Kunjen [kjn],-16.5,142,#5AAD9B,Pama-Nyungan,Central Paman,Australia
Kuot [kto],-3.083,151.5,#B94A5A,Kuot,,Papua New Guinea
Kupang Malay [mkn],-10.18,123.58,#DEB385,Malayo-Polynesian,Malayo-Sumbawan,Indonesia
Kurdish [kmr],36,44,#746A3B,Indo-European,Indo-Iranian,Iraq
Kurtöp [xkz],27.83,91,#39C5B5,Tibeto-Burman,Bodic,Bhutan
Kurux [kxl],26.5,87.35,#317C71,Dravidian,North,Nepal
Kusunda [kgg],28.33,83.1,#609093,Kusunda,,Nepal
Kutenai [kut],49.5,-116,#9D3B30,Kutenai,,Canada
Kuuk Thaayorre [thd],-14,142.25,#65918C,Pama-Nyungan,West Cape York,Australia
Kuuku-Ya'u [kuy],-12.583,143.083,#5C998D,Pama-Nyungan,North Cape York,Australia
Kuvi [kxv],18.75,82.667,#28B474,Dravidian,South-central,India
Kwaio [kwd],-8.917,161.083,#D05D7C,Oceanic,Southeast Solomonic,Solomons
Kwangari [kwn],-18.5,20,#BA594D,Niger-Kongo,Bantoid,Namibia
Kwaza [xwa],-12,-60.5,#6B5698,Kwaza,,Brazil
Kwerba [kwe],-2.167,138.5,#4B5894,Kwerba,Nuclear,Indonesia
Kwini [gww],-14.333,126.75,#764290,Wororan,,Australia
Kwomtari [kwo],-3.635,141.398,#5560B9,Kwomtari,,Papua New Guinea
Kyaka_Enga [kyc],-5.5,144.083,#5D76AB,Trans New Guinea,Engan,Papua New Guinea
Kyirong_Tibetan [bod-3],28.4,85.2,#34B0AA,Tibeto-Burman,Bodic,China
Laal [gdm],10,17.67,#A97569,Laal,,Chad
Lachi [lbt],23.123,104.703,#E5DCA0,Tai-Kadai,North,China
Ladakhi [lbj],34,78,#2FA09E,Tibeto-Burman,Bodic,India
Laguna [kjq],35.25,-107.33,#7F5A91,Keresan,Western,USA
Lahu [lhu],20.75,100.75,#96ACBD,Tibeto-Burman,Lolo-Burmese,Myanmar
Lak [lbe],42.17,47.11,#4C886A,Nakh-Daghestanian,Lak,Russia
Lakhota [lkt],45,-102,#AC61AB,Siouan,Western,USA
Lakkia [lbc],24.08,110.17,#DAD793,Tai-Kadai,South,China
Lamaholot [slp],-8.25,123,#BD989D,Malayo-Polynesian,Timoric,Indonesia
Lamani [lmn],19,76.5,#38BA62,Indo-European,Indo-Iranian,India
Lamba [lam],9.8,10.5,#B66C63,Niger-Kongo,Gur,Zambia
Lamjung Yohlmo [scp-2],28.33,84.42,#37BBB0,Tibeto-Burman,Bodic,Nepal
Lampung [ljp],-5,105,#E4A26F,Malayo-Polynesian,Lampungic,Indonesia
Lango [laj],2,33,#C35A69,Nilo-Saharan,Nilotic,Uganda
Lani [dnw],-3.75,138.2,#532CD1,Trans New Guinea,Dani,Indonesia
Lao [lao],19,103,#DBDB96,Tai-Kadai,South,Laos
Larantuka Malay [lrt],-8.33,123,#DAC596,Malayo-Polynesian,Malayo-Sumbawan,Indonesia
Lardil [lbz],-16.5,139.5,#609171,Tangkic,,Australia
Larike [alo],-3.783,127.917,#CA4BA3,Malayo-Polynesian,Central Maluku,Indonesia
Lashi [lsi],26.05,98.5,#73B9A1,Tibeto-Burman,Lolo-Burmese,Myanmar
Latvian [lav],56.8,24.1,#599319,Indo-European,Balto-Slavic,Latvia
Lavukaleve [lvk],-9,159,#81509B,Solomons East Papuan,,Solomons
Lele [lln],9.08,15.58,#B16E8F,Afro-Asiatic,Chadic,Chad
Lelepa [lpa],-17.64,168.18,#C96C99,Oceanic,Southern Oceanic,Vanuatu
Lembena [leq],-5.046,143.848,#467E87,Trans New Guinea,Engan,Papua New Guinea
Lenakel [tnl],-19.583,169.083,#C26188,Oceanic,Southern Oceanic,Vanuatu
Lepcha [lep],27,88.2,#5FCE91,Tibeto-Burman,Bodic,India
Leti [lti],-8.167,128.167,#CF569B,Malayo-Polynesian,Southeast Maluku,Indonesia
Lewo [lww],-16.667,168.333,#C84B9A,Oceanic,Southern Oceanic,Vanuatu
Lezgian [lez],41.58,47.78,#1C9A6C,Nakh-Daghestanian,Lezgic,Russia
Lhasa_Tibetan [bod],29.65,91.14,#44B3BB,Tibeto-Burman,Bodic,China
Lhomi [lhm],27.75,87.4,#4FA7AC,Tibeto-Burman,Bodic,Nepal
Liko [kbo],3.75,30.5,#B35867,Nilo-Saharan,Central Sudanic,Sudan
Limbu [lif],27.167,87.75,#3F7691,Tibeto-Burman,Kiranti,Nepal
Limilngan [lmc],-12.5,131.917,#7F3A92,Darwin,,Australia
Linda [liy],6,21,#D47C9B,Adamawa-Ubangi,Ubangi,Central African Republic
Lingala [lin],1,18.5,#C25577,Niger-Kongo,Bantoid,Democratic Republic of the Congo
Lisu [lis],19.5,98.75,#8CC5AC,Tibeto-Burman,Lolo-Burmese,Myanmar
Lithuanian [lit],54.9,23.9,#4F812E,Indo-European,Balto-Slavic,Lithuania
Logba [lgq],6.9,0.45,#C07C82,Niger-Kongo,Kwa,Ghana
Lokono [arw-2],6.07,-57.6,#775691,Arawak,,Guyana
Longgu [lgu],-9.75,160.75,#D67456,Oceanic,Southeast Solomonic,Solomons
Loniu [los],-2.1,147.417,#D071A0,Oceanic,Admiralties,Papua New Guinea
Lote [uvl],-5.6,151.9,#C06F84,Oceanic,Western Oceanic,Papua New Guinea
Lozi [loz],-15,23,#A95957,Niger-Kongo,Bantoid,Zambia
Lü [khb],22,100.67,#E9E29B,Tai-Kadai,South,China
Luangiua [ojv],-5.417,159.65,#C8A983,Oceanic,Central Pacific,Solomons
LuGanda [lug],0.5,32.17,#BA535E,Niger-Kongo,Bantoid,Uganda
Luo [luo],-0.4,34.4,#BC4E61,Nilo-Saharan,East_Sudanic,Kenya
Lushootseed [lut],48,-122,#8F5043,Salish,Central,USA
Luvale [lue],-12,22,#C65361,Niger-Kongo,Bantoid,Angola
Ma'ya [slz],-1.25,130.92,#C07985,Malayo-Polynesian,Eastern Malayo-Polynesian,Indonesia
Maanyan [mhy],-2,115,#F29C71,Malayo-Polynesian,Barito,Indonesia
Maasai [mas],-3,36,#926462,Nilo-Saharan,East_Sudanic,Tanzania
Maba [mde],13.75,20.83,#6C6889,Nilo-Saharan,Maban,Chad
Macedonian [mkd],41.6,22,#599E17,Indo-European,Balto-Slavic,Macedonia
Macushi [mbc],4.5,-60,#51556F,Cariban,Venezuelan,Brazil
Madi [mhi],3.45,31.17,#AE84A1,Nilo-Saharan,Central_Sudanic,Uganda
Madimadi [xxx8],-34.5,143.5,#509760,Pama-Nyungan,Kulin,Australia
Madurese [mad],-7.25,113.333,#DBBE66,Malayo-Polynesian,Malayo-Sumbawan,Indonesia
Magahi [mag],25,85,#1CAC56,Indo-European,Indo-Iranian,India
Magar [mgp],28,83,#35AE99,Tibeto-Burman,Magar,Nepal
Mahali [mjx],22.85,87.1,#3C8750,Austroasiatic,Munda,India
MaiBrat [ayz],-1.25,132.667,#C37A58,West Papuan,Birds Head,Indonesia
Maidu [nmu],40,-120.67,#386785,Maiduan,,USA
Mairasi [zrs],-3.5,134,#8452B0,Tanah Merah-Mairasi,,Indonesia
Maisin [mbq],-9.5,149.167,#7732B5,Oceanic,Western Oceanic,Papua New Guinea
Maithili [mai],26.5,86,#37B151,Indo-European,Indo-Iranian,India
Majhi [mjz],27.25,86.15,#259B5F,Indo-European,Indo-Iranian,Nepal
Mak [mkg],26,107.75,#DBE18C,Tai-Kadai,South,China
Makah [myh],48.33,-124.67,#965B55,Wakashan,South,USA
Makasai [mkz],-8.5,126.5,#9DA0AB,Timor-Alor-Pantar,Mainland,Timor leste
Makassar [mak],-5.417,119.583,#CF7055,Malayo-Polynesian,Greater South Sulawesi,Indonesia
Makhuwa-Enehara [vmw],-15,39,#AE5D77,Niger-Kongo,Bantoid,Mozambique
Mako [wpc],4.215,-65.742,#5450A5,Sáliba-Piaroa,,Venezuela
Makua [vmw],-15,38,#BA6363,Niger-Kongo,Bantoid,Mozambique
Malagasy [bhr],-20,47,#BF8E4B,Malayo-Polynesian,Barito,Madagascar
MalakMalak [mpb],-13.417,130.417,#735F9D,Northern Daly,,Australia
Malay [zlm],3.13,101.68,#DAAE6B,Malayo-Polynesian,Malayo-Sumbawan,Malaysia
Malayalam [mal],8.5,77,#29C057,Dravidian,South,India
Malgana [vml],-26,115,#3CA886,Pama-Nyungan,Kardu,Australia
Mali [gcc],-4.833,152.25,#974885,Baining,,Papua New Guinea
Malto [kmj],25,87.333,#22AE5F,Dravidian,North,India
Malvi [mup],23.1,75.785,#2FB250,Indo-European,Indo-Iranian,India
Mam [mvc],15.25,-92,#AF4C44,Mayan,Quiche-Mam,Guatemala
Mamainde [wmd],-13.5,-60,#7E3EB3,Nambikwara,,Brazil
Mamanwa [mmn],9.417,125.5,#D27B99,Malayo-Polynesian,Philippines,Philippines
Mambai [mgm],-8.75,125.42,#D5A1A9,Malayo-Polynesian,Timoric,Timor leste
Mambwe [mgr],-9,31,#C35D6E,Niger-Kongo,Bantoid,Zambia
Manadonese [xmm],1.5,124.833,#D0B473,Malayo-Polynesian,Malayo-Sumbawan,Indonesia
Manam [mva],-4.083,145.083,#BB4F99,Oceanic,Western Oceanic,Papua New Guinea
Manange [nmm],28.667,84.08,#2DC79C,Tibeto-Burman,Bodic,Nepal
Manchu [mnc],45,125,#268686,Tungusic,South,China
Mandan [mhq],46,-100,#582EB2,Siouan,Western,USA
Mandarin_Beijing [cmn],40,116.75,#9ED086,Tibeto-Burman,Sinitic,China
Mandinka [man],13,-15.67,#868F7D,Mande,Western,Senegal
Mandinka_Gambia [mnk],13,-15,#75908E,Mande,Western,Gambia
Manggarai [mqy],-8.667,120.333,#E6AD7E,Malayo-Polynesian,Flores-Sawu-Sumba,Indonesia
Manggarayi [mpc],-14.667,133.5,#704969,Gunwinyku,Mang,Australia
Mangseng [mbh],-5.975,150.667,#A26FA8,Oceanic,,Papua New Guinea
Maninka [emk],13,-10,#779D89,Mande,Western,Mali
Manobo_Western Bukidnon [mbb],7.667,124.833,#CE864B,Malayo-Polynesian,Philippines,Philippines
Mansi [mns],62,62,#3F8561,Uralic,Ugric,Russia
Manx [glv],56.2,-4.5,#6F8638,Indo-European,Celtic,Britain
Maonan [mmd],25,108.5,#CEDA97,Tai-Kadai,South,China
Maori [mri],-39,176.5,#AB9272,Oceanic,Central Pacific,New Zealand
Mapudungun [arn],-36,-72,#7E6773,Araucanian,,Chile
Mara [mec],-15.1,135.2,#833B87,Mara-Warndarang-Alawa,,Australia
Maram [kha-3],25.52,91.27,#A2AB58,Austroasiatic,Khasic,India
Marathi [mar],18,74.5,#14C14C,Indo-European,Indo-Iranian,India
Margany [zmc],-26.5,145,#38AA6C,Pama-Nyungan,GreaterMari,Australia
Margi [mrt],11,13,#C2728E,Afro-Asiatic,Chadic,Nigeria
Maricopa [mrc],33.17,-113.17,#5E29A5,Yuman-Cochimi,Yuman,USA
Marind [mrz],-8,140.5,#7C498D,Marind,,Indonesia
Marquesan_Ua Pou [mrq],-9.33,-140,#9A9C58,Oceanic,,French Polynesia
Marshallese [mah],12.5,162.5,#D2827E,Oceanic,Micronesian,USA Federated States of Micronesia
Martuthunira [vma],-21,116.5,#5E8965,Pama-Nyungan,Pilbara,Australia
Matbat [xmt],-2,130.33,#CA68B6,Malayo-Polynesian,Eastern Malayo-Polynesian,Indonesia
Matengo [mgv],-11,34.67,#BD5D6D,Niger-Kongo,Bantoid,Tanzania
Matngele [zml],-13.833,130.417,#8C5D96,East Daly,,Australia
Mato [met],-5.891,146.849,#CD5CA8,Oceanic,,Papua New Guinea
Maung [mph],-11.917,133.5,#A45D5D,Iwaidjan,,Australia
Maxakali [mbl],-18,-40,#7E68A9,Macro-Je,Maxakalí,Brazil
Mbabaram [vmb],-16.85,144.8,#5BA891,Pama-Nyungan,,Australia
Mbaham [bdw],-3,132.5,#5456BA,Trans New Guinea,Bomberai,Indonesia
Mehri [gdq],16,52,#76651F,Afro-Asiatic,Semitic,Yemen
Meitei [mni],24.75,94,#53A6A8,Tibeto-Burman,Meitei,India
Mekeo [mek],-8.5,146.467,#913AAB,Oceanic,Western Oceanic,Papua New Guinea
Melanau [mel],4.4,114,#F19168,Malayo-Polynesian,Malayo-Sumbawan,Malaysia
Memba [tsj-2],29,94.8,#4FBFA8,Tibeto-Burman,Bodic,India
Mende [men],8,-11.5,#937E8F,Mande,Western,Sierra Leone
Mende [sim],-3.713,142.709,#6B9CBA,Sepik,Nukuma,Papua New Guinea
Menya [mcr],-7.25,146,#6A3ABB,Trans New Guinea,Angan,Papua New Guinea
Meryam Mir [ulk],-9.92,144.08,#55A582,Eastern Trans Fly,,Australia
Meteq [xem],0.7,110.5,#EAA266,Malayo-Polynesian,Land Dayak,Indonesia
Meyah [mej],-1,133.667,#B662A4,East Bird's Head,,Indonesia
Mian [mpt],-4.667,141.25,#475EB3,Trans New Guinea,Ok,Papua New Guinea
Mien [ium-5],24.583,112.267,#D3E297,Hmong-Mien,Mienic,China
Mien_Yao [ium],20.833,101.167,#C7CCA8,Hmong-Mien,Mienic,Laos
Miji [sjl],27.54,92.6,#50B7A1,Tibeto-Burman,Hrusish,India
Miju [mxj],28,97,#329CA8,Tibeto-Burman,Kaman,India
Milang [xxx22],28.6,94.5,#3BBCA2,Tibeto-Burman,Siangic,India
Mina [gej],6.6,1.5,#E1BA9E,Niger-Kongo,Kwa,Togo
Minangkabau [min],0,100.167,#DE9E74,Malayo-Polynesian,Malayo-Sumbawan,Indonesia
Miriwung [mep],-15.667,129,#554872,Jarrakan,,Australia
Mising [mrg],27.5,94.3,#42AEAB,Tibeto-Burman,Tani,India
Miwok [skd],37.5,-120,#5B5F51,Miwok,Eastern,USA
Mixtec [mim],17,-99,#C66F50,Otomanguean,Mixtecan,Mexico
Miya [mkf],11,10,#B96957,Afro-Asiatic,Chadic,Nigeria
Mizo [lus],23.167,92.833,#77B8B6,Tibeto-Burman,Kuki-Chin-Naga,India
Mlabri [mra],18.833,101,#CFDD9A,Austroasiatic,Mlabri,Thailand
Mnar [pbv-2],25.9,91.58,#9E9D64,Austroasiatic,Khasic,India
Moghol [mhj],35,62,#468F63,Mongolic,Western,Afghanistan
Mohave [mov],34.67,-114.58,#5B3DAE,Yuman-Cochimi,Yuman,USA
Moken [mwt],11,98.5,#F3D1A4,Malayo-Polynesian,Malayo-Sumbawan,Myanmar
Mokilese [mkj],6.667,159.75,#DB8478,Oceanic,Micronesian,USA Federated States of Micronesia
Momu [fqs],-3.167,141.667,#596092,Kwomtari,,Papua New Guinea
Mon [mnw],15,100,#E7DE9E,Austroasiatic,Mon,Thailand
Mongguor [mjg],36,102,#389F73,Mongolic,Eastern,China
Mongolian [mon],50,104,#2D9083,Mongolic,Eastern,Mongolia
Moni [mnz],-3.583,136.833,#34439B,Trans New Guinea,Wissel Lakes,Indonesia
Mono [mnr],38,-119,#5B5675,Uto-Aztecan,North,USA
Montagnais [moe],52,-65,#88347F,Algic,Algonquian,Canada
Mor [mhz],-2.917,135.75,#BA6397,Malayo-Polynesian,Eastern Malayo-Polynesian,Indonesia
Mor [moq],-2.833,132.75,#9841B4,Mor,,Indonesia
Motu [meu],-9.5,147.25,#A36094,Oceanic,Western Oceanic,Papua New Guinea
Motuna [siw],-6.617,155.417,#5849AC,East Bougainville,,Papua New Guinea
Mpur [akc],-0.833,133,#D280A8,West Papuan,Birds Head,Indonesia
Mru [mro-2],21.45,92.5,#96B8A3,Tibeto-Burman,Mru,Bangladesh
Muak Sa-aak [ukk],21.183,100.367,#F1C39C,Austroasiatic,Palaungic,Myanmar
Mualang [mtd],0.8,111,#E0A674,Malayo-Polynesian,Malayo-Sumbawan,Indonesia
Mudukumo [bwm],-4.367,143.867,#48A39D,Yuat,,Papua New Guinea
Muk-Thang [xxx-95],-37.75,149,#5B6F70,Pama-Nyungan,,Australia
Mulao [mlm],24.25,109,#DAE490,Tai-Kadai,South,China
Muna [mnb-2],-5,122.417,#DD6664,Malayo-Polynesian,Celebic,Indonesia
Mundang [mua],10.1,14.45,#C7857A,Adamawa-Ubangi,Adamawa,Chad
Mundari [unr],24,86.167,#607B68,Austroasiatic,Munda,India
Murinbata [mwf],-14.667,129.667,#874D82,Southern Daly,,Australia
Murle [mur],6,33.75,#996F64,Nilo-Saharan,East_Sudanic,Sudan
Muruwari [zmu],-29,146.75,#468265,Pama-Nyungan,Central New South Wales,Australia
Mussau [emi],-1.5,149.667,#CE5E6A,Oceanic,StMatthias,Papua New Guinea
Mustang [loy],29.18,83.96,#36BDB0,Tibeto-Burman,Bodic,Nepal
Mutsun [css-2],36.83,-121.5,#715A4D,Yok-Utian,Costanoan,USA
Mwani [wmw],-12.15,40.57,#BD5A66,Niger-Kongo,Bantoid,Mozambique
Mwera [mwe],-10,39,#BC5A6A,Niger-Kongo,Bantoid,Tanzania
Mwotlap [mlv],-13.7,167.63,#C46A98,Oceanic,Southern Oceanic,Vanuatu
Na [nbf-2],27.2,101,#85B2BC,Tibeto-Burman,Naxi,China
Nahali [nlx],24,77.5,#44B072,Nahali,,India
Nahavaq [sns],-16.53,167.123,#D45885,Oceanic,Southern Oceanic,Vanuatu
Nahu [rwo-2],-6.05,146.25,#655EB5,Trans New Guinea,Finisterre-Huon,Papua New Guinea
Nakanai [nak],-5.5,150.833,#DD6B75,Oceanic,Western Oceanic,Papua New Guinea
Nakkara [nck],-12.117,134.417,#843986,Maningrida,,Australia
Nama [naq],-23.5,22,#717D65,Khoe,Khoe,Botswana
Namakir [nmk],-17,168.583,#D27192,Oceanic,Southern Oceanic,Vanuatu
Nanchang [gan],28.7,115.9,#A5D890,Tibeto-Burman,Sinitic,China
Nancowry [ncb],8,93.5,#A7AD57,Austroasiatic,Nicobar,India
Nandi [kln],0.25,35,#8D486C,Nilo-Saharan,Nilotic,Kenya
Nankina [nnk],-5.75,146.5,#5D62B8,Trans New Guinea,Finisterre-Huon,Papua New Guinea
Nar_Phu [npa],28.68,84.2,#40B8B2,Tibeto-Burman,Bodic,Nepal
Nara [nrz-2],-8.92,146.67,#A96A9D,Oceanic,,Papua New Guinea
Nasioi [nas],-6.333,155.583,#2549A2,East Bougainville,,Papua New Guinea
Navajo [nav],36.17,-108,#913C82,Dene-Yeniseic,Na-Dene,USA
Ndebele [nbl],-20,28.5,#AA6E5B,Niger-Kongo,Bantoid,Zimbabwe
Ndjébbana [djj],-12.167,134.117,#70428B,Maningrida,,Australia
Ndonga [ndo],-18,17,#B05451,Niger-Kongo,Bantoid,Namibia
Nen [nqn],-8.6,142.1,#5D5D81,South New Guinea,,Papua New Guinea
Nend [anh],-4.25,144.917,#5462A9,Trans New Guinea,Madang,Papua New Guinea
Nenets [yrk],70,76,#3C845C,Uralic,Samoyedic,Russia
Neo-Aramaic [trg],36.2,43.75,#796F33,Afro-Asiatic,Semitic,Iraq
Nepali [nep],28.72,82,#1CBD57,Indo-European,Indo-Iranian,Nepal
Nepali_hill [nep-2],28,84.33,#31CD7B,Indo-European,Indo-Iranian,Nepal
Nevome [ood-2],19,-98.25,#714879,Uto-Aztecan,South,Mexico
Newar_Kathmandu [new],27.5,85.333,#3A9A98,Tibeto-Burman,Newaric,Nepal
Newari_Dolakha [new-2],27.58,86.667,#3AB6A1,Tibeto-Burman,Newaric,Nepal
Nez Perce [nez],46,-117,#624A46,Sahaptian,,USA
Ngaanyatjarra [ntj],-26,125,#446C9B,Pama-Nyungan,Western Desert,Australia
Ngadha [nxg],-8.833,121,#DEB177,Malayo-Polynesian,Flores-Sawu-Sumba,Indonesia
Ngadjunmaya [nju],-32,123.5,#518F97,Pama-Nyungan,Western bight,Australia
Ngalakgan [nig],-14.5,134.833,#734189,Gunwinyku,Bak,Australia
Nganasan [nio],71,93,#496D73,Uralic,Samoyedic,Russia
Ngandi [nid],-13.5,135,#503680,Gunwinyku,Bak,Australia
Ngankikurungkurr [nam-2],-14,130.5,#6E5782,Southern Daly,,Australia
Ngarinyeri [nay],-35.6,139.1,#31707E,Pama-Nyungan,,Australia
Ngarinyin [ung],-16.25,126.5,#906694,Wororan,,Australia
Ngarla [nlr],-20.33,119.5,#4E918A,Pama-Nyungan,Pilbara,Australia
Ngawun [nxn],-19.5,141.5,#48A75D,Pama-Nyungan,Mayi,Australia
Ngbaka [nga],4.25,21.17,#C29093,Adamawa-Ubangi,Ubangi,Democratic Republic of the Congo
Nggem [nbq],-3.67,138.814,#5D34D6,Trans New Guinea,Dani,Indonesia
Ngiti [niy],1.33,30.25,#8D5D71,Nilo-Saharan,Lendu,Democratic Republic of the Congo
Ngiyambaa [wyb],-31.75,145.5,#4D7E6D,Pama-Nyungan,Central New South Wales,Australia
Nguna [llp],-17.5,168.333,#C85085,Oceanic,Southern Oceanic,Vanuatu
Ngwe [nwe ],5.488,9.856,#C27C7C,Niger-Kongo,Bantoid,Cameroon
Nhanda [nha],-27.5,114.75,#519678,Pama-Nyungan,Kardu,Australia
Nias [nia],1,97.5,#C67951,Malayo-Polynesian,Batak-Barrier Islands,Indonesia
Nimadi [hin-2],22,76,#18B652,Indo-European,Indo-Iranian,India
Nimboran [nir],-3.083,140.167,#6C4DCE,Trans New Guinea,Nimboran,Indonesia
Nisenan [nsz],39.33,-120.83,#428295,Maiduan,,USA
Nisgha [ncg],55,-130,#A84E61,Tsimshian,,Canada
Nishi [dap],27.7,94.2,#558F9E,Tibeto-Burman,Tani,India
Niue [niu],-19,-169.5,#D0945C,Oceanic,Central Pacific,Niue
Nivkh [niv],53.333,142,#6679AD,Chukotko-Kamchatkan,Nivkh,Russia
Nkore-Kiga [cgg],-0.92,29.83,#CF6D6D,Niger-Kongo,Bantoid,Uganda
Nobiin [fia],21,31,#345092,Nilo-Saharan,Nubian,Sudan
Nocte [njb],27,95.5,#5190B8,Tibeto-Burman,Konyak,India
Nonthaburi Malay [xxx-20],13.92,100.4,#EFCD96,Malayo-Polynesian,Malayo-Sumbawan,Thailand
Norwegian [nob],62,8,#71C225,Indo-European,Germanic,Norway
Nuaulu [nxl],-3.25,129.083,#B65A8E,Malayo-Polynesian,Central Maluku,Indonesia
Nubi [kcn],0.6,32.55,#B9986F,Afro-Asiatic,Semitic,Uganda
Nubian [kzh],12.5,31,#476479,Nilo-Saharan,East_Sudanic,Sudan
Nubri [kte],28.64,84.61,#40ADAA,Tibeto-Burman,Bodic,Nepal
Nubri_lower [kte-2],28.53,84.79,#3B99A6,Tibeto-Burman,Bodic,Nepal
Nukna [klt],-6.02,146.97,#5C62A4,Trans New Guinea,Finisterre-Huon,Papua New Guinea
Nung [nut],21.917,106.5,#DFC095,Tai-Kadai,South,Vietnam
Nunggubuyu [nuy],-13.75,135.667,#795174,Gunwinyku,Bak,Australia
Nyaheun [nev],15,107,#E4D5B5,Austroasiatic,Bahnaric,Laos
Nyahkur [cbn],15.67,101.67,#E1D9A2,Austroasiatic,Mon,Thailand
Nyangumarta [nna],-20,121,#4C7565,Pama-Nyungan,Marngu,Australia
Nyawaygi [nyt],-19,145.9,#548787,Pama-Nyungan,Dyirbalic,Australia
Nyoro [nyo],1.5,31,#BD5A5A,Niger-Kongo,Bantoid,Uganda
Nyulnyul [nyv],-17,123,#825B5B,Nyulnyul,West,Australia
Nyungar [nys],-33.75,116,#46AC91,Pama-Nyungan,South-west,Australia
Nzadi [xxx-48],-4.05,19.65,#B46D73,Niger-Kongo,Bantoid,Democratic Republic of the Congo
O'odham [ood],32,-112,#8A5557,Uto-Aztecan,South,USA
Obokwi [afz],-2.767,138,#8AABBB,Lakes Plains,Eastern,Indonesia
Ogami [mvi],24.9,125.3,#359A94,Japonic,Ryukyuan,Japan
Oirata [oia],-8.083,127.167,#8D8EC6,Timor-Alor-Pantar,Mainland,Indonesia
Ojibwe [ojg],49,-92.5,#8F2942,Algic,Algonquian,Canada
Olekha [ole],27.2,90,#2FBF95,Tibeto-Burman,Black Mountain,Bhutan
Olo [ong],-3.25,142.167,#B974A5,Torricelli,Wapei,Papua New Guinea
Oma Longh [ulu],4.5,116.5,#D5726E,Malayo-Polynesian,North Borneo,Malaysia
Omaha [oma],42,-97.25,#A23AAC,Siouan,Western,USA
One [aun],-3.417,141.833,#837E89,Torricelli,West Wapei,Papua New Guinea
Oneida [one],43,-75.67,#9F3C61,Iroquoian,Northern,USA
Ong Be [onb],19.8,110,#EDE49F,Tai-Kadai,South,China
Onge [oon],10.75,92.5,#508093,Andaman,,India
Onin [oni],-2.833,132.083,#C481B3,Malayo-Polynesian,North Bomberai,Indonesia
Oraon [kru],25.75,88.75,#30816F,Dravidian,North,Bangladesh
Ordos [mvf],39,109,#309669,Mongolic,Eastern,China
Oriya [ori],21,85,#27BC4E,Indo-European,Indo-Iranian,India
Ormuri_Khaniguram [oru-2],32.52,70,#449736,Indo-European,Indo-Iranian,Pakistan
Ormuri_Logar [oru],33.25,69.5,#47913A,Indo-European,Indo-Iranian,Afghanistan
Oromo [hae],9,37,#707A6B,Afro-Asiatic,Cushitic,Ethiopia
Osage [osa],37,-94,#6F4CA6,Siouan,Western,USA
Ossetian [oss],42.24,44,#3E7D4F,Indo-European,Indo-Iranian,Georgia
Ostyak [kca-2],61,75,#479465,Uralic,Ugric,Russia
Otomi [otm],21,-99.5,#BC674A,Otomanguean,Otopamean,Mexico
P'urhépecha [tsz],19,-102,#616F65,P'urhépecha,,Mexico
Paamese [pma],-16.5,168.333,#C14A88,Oceanic,Southern Oceanic,Vanuatu
Pacoh [pac],16.42,107.08,#D5CC6D,Austroasiatic,Katuic,Vietnam
Paez [pbb],3,-76,#2C6E8A,Paez,,Colombia
Pagu [pgu],1.1,127.7,#BC5CA9,West Papuan,North Halmahera,Indonesia
Paiute_Northern [pao],40.75,-118,#554F7F,Uto-Aztecan,North,USA
Paiwan [pwn],22.333,120.833,#A6754B,Austronesian,Paiwanic,Taiwan
Palauan [pau],7.167,134.5,#C37159,Malayo-Polynesian,Palauan,Palau
Palaung [plw],22.667,96.4,#DED182,Austroasiatic,Palaungic,Myanmar
Palawan [plc],9.5,118.5,#CA766E,Malayo-Polynesian,Philippines,Philippines
Palue [ple],-8.333,121.75,#D1AC76,Malayo-Polynesian,Flores-Sawu-Sumba,Indonesia
Palula [phl],35.4,71.75,#21AD49,Indo-European,Indo-Iranian,Pakistan
Panare [pbh],6.733,-66.049,#5E388F,Cariban,Venezuelan,Venezuela
Pangasinan [pag],15.917,120.333,#B17050,Malayo-Polynesian,Philippines,Philippines
Panyjima [pnw],-22.833,118,#39806A,Pama-Nyungan,Pilbara,Australia
Pare [asa],-4,36.5,#CD5B55,Niger-Kongo,Bantoid,Tanzania
Pashto [pst],35,65,#4A8843,Indo-European,Indo-Iranian,Afghanistan
Passamaquoddy-Maliseet [pqm],45,-67,#8E3759,Algic,Algonquian,USA
Patpatar [gfk],-3.67,152.5,#B5665E,Oceanic,,Papua New Guinea
Pattani [lae],32.6,77.2,#31B980,Tibeto-Burman,Western Himalayan,India
Paulohi [plh],-3.3,128.8,#D956A0,Malayo-Polynesian,Central Maluku,Indonesia
Paumarí [pad],-7,-64.5,#78516E,Arawá,,Brazil
Pawaian [pwa],-7,145.25,#5D7FB3,Trans New Guinea,Pawaian,Papua New Guinea
Pech [pay],15,-85.5,#525D95,Chibchan,East,Honduras
Pendau [ums],0,119.83,#C17868,Malayo-Polynesian,Celebic,Indonesia
Pima Bajo [pia],29,-111,#5B6B63,Uto-Aztecan,South,Mexico
Pingjiang [gan-6],28.76,113.67,#B1D89A,Tibeto-Burman,Sinitic,China
Pipil [ppl],13.85,-89.55,#9F3D3E,Uto-Aztecan,South,El Salvador
Pirahã [myp],-7.33,-62,#8F6CB9,Mura,,Brazil
Pitjantjatjara [pjt],-26.833,130,#4466AA,Pama-Nyungan,Western Desert,Australia
Pitta-Pitta [pit],-23.5,121,#437267,Pama-Nyungan,Karnic,Australia
Pitu Ulunna Salu [ptu],-3.083,119.083,#CB6572,Malayo-Polynesian,Greater South Sulawesi,Indonesia
Plang [blr-2],23.4,100.1,#E4CF94,Austroasiatic,Palaungic,China
Pnar [pbv],25,92.5,#AFA94E,Austroasiatic,Khasic,India
Polish [pol],52,20,#579813,Indo-European,Balto-Slavic,Poland
Pomo_Eastern [peb],39,-122.67,#3D8AAB,Pomoan,Eastern,USA
Pomo_Southeastern [pom],38.83,-122.5,#358287,Pomoan,Southeastern,USA
Ponapean [pon],6.883,158.25,#CF8070,Oceanic,Micronesian,USA Federated States of Micronesia
Portuguese [por],39,-8,#8AA025,Indo-European,Romance,Portugal
Pulaar [fuc],15.6,-15.2,#B8566F,Niger-Kongo,Atlantic,Senegal
Puluwat [puw],7.333,149.333,#CC916E,Oceanic,Micronesian,USA Federated States of Micronesia
Pumi [pmi],28,101,#63A3BC,Tibeto-Burman,Qiangic,China
Punjabi [pan],31,75,#2CC63C,Indo-European,Indo-Iranian,India
Purik [prx],34.55,76.15,#26B0A2,Tibeto-Burman,Bodic,India
Puroik [suv],28,93,#5EC1BA,Tibeto-Burman,Tani,India
Puxi [jih],32.45,101.55,#69A3A5,Tibeto-Burman,Qiangic,China
Puyuma [pyu],22.833,121.083,#B57956,Austronesian,Puyuma,Taiwan
Qawésqar [alc],-50,-75,#687B91,Alaculufan,,Chile
Qiandong_Hmong [hmq],26.67,108.32,#DDD999,Hmong-Mien,Hmongic,China
Qiang [qxs],30.9,103.85,#4C909B,Tibeto-Burman,Qiangic,China
Quechan [yum],32.83,-114.33,#523AAD,Yuman-Cochimi,Yuman,USA
Quechua_Cusco  [quz],-13.5,-72,#297776,Quechuan,II-C,Peru
Quechua_Huallaga [qvh],-6,-76,#3B666B,Quechuan,I,Peru
Quechua_Imbabura [qvi],0.33,-78.33,#387F53,Quechuan,II-B,Ecuador
Quechua_Yauyos [qvi-2],-12.62,-75.7,#3B6E6E,Quechuan,I,Peru
Quileute [qui],47.925,-124.25,#834E40,Chimakuan,,USA
Rabha [rah],26.1,90.25,#37B18E,Tibeto-Burman,Bodo-Garo,India
Rajasthani [raj],26.57,73.43,#2DC03F,Indo-European,Indo-Iranian,India
Rajbangshi [rjs],26.5,88.5,#1BA74D,Indo-European,Indo-Iranian,India
Raji [rji],29,81.15,#498EA6,Tibeto-Burman,Western Himalayan,Nepal
Rama [rma],11.5,-83.9,#6A7F8E,Chibchan,East,Nicaragua
Ramoaaina [rai],-4.17,152.42,#DA745A,Oceanic,,Papua New Guinea
Rana_Tharu [thr],28.68,80.6,#38A05C,Indo-European,Indo-Iranian,Nepal
Rapa_Nui [rap],-27.333,-110,#B6966C,Oceanic,Central Pacific,Chile
Ratahan [rth-2],1.08,124.83,#C77C5B,Malayo-Polynesian,Philippines,Indonesia
Raute [rau],28.6,81.5,#33947F,Tibeto-Burman,Western Himalayan,Nepal
Rawa [rwo],-5.833,145.917,#485DA3,Trans New Guinea,Finisterre-Huon,Papua New Guinea
Rawang [raw],27.5,97.5,#84CDA3,Tibeto-Burman,Nungish,Myanmar
Rawo-Poko [rwa],-2.8,141.583,#B065B5,Skou,Central,Papua New Guinea
Remo [bfw],18.333,82.333,#2D8B83,Austroasiatic,Munda,India
Rennellese [mnv],-11.85,160.33,#AD8952,Oceanic,Central Pacific,Solomons
Rgyalthang [khg-7],27.833,99.7,#36B2A7,Tibeto-Burman,Bodic,China
Riff [rif],34,-3.75,#A85932,Afro-Asiatic,Berber,Morocco
Ritharngu [rit],-12.833,135.5,#40607C,Pama-Nyungan,Yolngu,Australia
Rohingya [rhg],20.82,92.37,#29AE54,Indo-European,Indo-Iranian,Myanmar
Roma [rmm],-7.2,128.583,#C36C92,Malayo-Polynesian,Southeast Maluku,Indonesia
Romanian [ron],45,27,#6E971C,Indo-European,Romance,Romania
Romansh [roh],46.8,9.4,#71A31F,Indo-European,Romance,Switzerland
Ronga [rng],-26,32.5,#9F6940,Niger-Kongo,Bantoid,Mozambique
Rongpo [rnp],30.917,79.5,#22C07B,Tibeto-Burman,Western Himalayan,India
Roro [rro],-8.75,146.58,#A94AC4,Oceanic,Western Oceanic,Papua New Guinea
Rote [twu],-10.75,123.25,#CF6171,Malayo-Polynesian,Timoric,Indonesia
Rotokas [roo],-6,155.17,#7B5B7D,West Bougainville,,Papua New Guinea
Rotuman [rtm],-12.333,177,#D76667,Oceanic,Central Pacific,Fiji
Rukai [dru],22.833,120.833,#B26D5A,Austronesian,Rukai,Taiwan
Runyankore [nyn],-0.5,30.5,#C6656A,Niger-Kongo,Bantoid,Uganda
Russian [rus],55,38,#5E9900,Indo-European,Balto-Slavic,Russia
Rvmøl [raw-2],27.1,97.07,#4F91B6,Tibeto-Burman,Nungish,Myanmar
Saa [apb],-9.5,161.583,#D7567D,Oceanic,Southeast Solomonic,Solomons
Sabanê [sae],-12,-60,#6F53B8,Nambikwara,,Brazil
Sadu [xxx-63],24.35,102.525,#8ED5B5,Tibeto-Burman,Lolo-Burmese,China
Sahu [saj],1,127.417,#CD738C,West Papuan,North Halmahera,Indonesia
Saliba [sbe],-10.667,150.75,#A9609C,Oceanic,Western Oceanic,Papua New Guinea
Salinan [sln],36,-121,#933762,Salinan,,USA
SaltYui [sll],-6.283,145,#6C6FB6,Trans New Guinea,Chimbu,Papua New Guinea
Sami [sme],70,28,#47A64B,Uralic,Sami,Finland
Samoan [smo],-14,-172.667,#B59081,Oceanic,Central Pacific,Samoa
Sandawe [sad],-5,35,#6B6494,Khoe,Khoe,Tanzania
Sangir [sxn],3.58,125.75,#B2806F,Malayo-Polynesian,Philippines,Indonesia
Sango [sag],5,18,#CEB18F,Adamawa-Ubangi,Ubangi,Central African Republic
Saniyo-Hiyewe [sny],-4.589,142.315,#8649BC,Sepik,Sepik Hill,Papua New Guinea
Santa [sce],36.725,104.05,#46B17E,Mongolic,Eastern,China
Santali [sat],24.5,87,#3C8750,Austroasiatic,Munda,India
Sanuma [xsu],4,-64,#7494A9,Yanomami,,Venezuela
Saptariya Tharu [thq],26.6,86.7,#36B167,Indo-European,Indo-Iranian,Nepal
Sapuan [spu],15.333,106.833,#D7E988,Austroasiatic,Bahnaric,Laos
Sara-Ngambay [sba],8.67,16,#A97FA5,Nilo-Saharan,Central_Sudanic,Chad
Sarcee [srs],52.5,-116,#7C4C86,Dene-Yeniseic,Na-Dene,Canada
Sardinian [sro],40,9,#729A1F,Indo-European,Romance,Italy
Sartang [onp],27.33,92.27,#32ACC1,Kho-Bwa,Sherdukpen-Sartang,India
Sasak [sas],-8.67,116.5,#E09469,Malayo-Polynesian,Malayo-Sumbawan,Indonesia
Sauria Paharia [mjt],24.3,88.9,#22AE5F,Dravidian,North,Bangladesh
Savosavo [svs],-9.167,159.833,#8C7985,Solomons East Papuan,,Solomons
Sawu [hvn],-10.5,122,#C4855D,Malayo-Polynesian,Flores-Sawu-Sumba,Indonesia
Scots English [sco],56,-3.25,#83A71C,Indo-European,Germanic,Britain
Scots Gaelic [gla],57,-5,#757E25,Indo-European,Celtic,Britain
Sedang [sed],14.667,108,#E7D68D,Austroasiatic,Bahnaric,Vietnam
Seediq [trv],24.167,121.417,#AE6F69,Austronesian,Atayalic,Taiwan
Sekar [skz],-2.7,132.43,#B678A5,Malayo-Polynesian,North Bomberai,Indonesia
Seke [skj],29,83.91,#3FC4B6,Tibeto-Burman,Bodic,Nepal
Selaru [slu],-8.25,130.917,#D75187,Malayo-Polynesian,Southeast Maluku,Indonesia
Selknam [ona],-54.45,-67.15,#88697F,Chonan,,Argentina
Selkup [sel],65,82,#2F7474,Uralic,Samoyedic,Russia
Semelai [sza],3,102.5,#BFA65E,Austroasiatic,Aslian,Malaysia
Sentani [set],-2.583,140.633,#6748AA,Trans New Guinea,Sentani,Indonesia
Sepik Iwam [iws],-4.228,142.121,#587395,Sepik,Iwam,Papua New Guinea
Serbian [srp],45,20,#559C17,Indo-European,Balto-Slavic,Serbia
Seri [sei],29,-112.5,#871EA4,Seri,,Mexico
Serrano [ser],34.33,-117,#49717D,Uto-Aztecan,North,USA
Sesotho [sot],-28,27,#AF6550,Niger-Kongo,Bantoid,South Africa
Shan [shn],22,98,#C8E286,Tai-Kadai,South,Myanmar
Shanghai [wuu],31,121,#A6EF78,Tibeto-Burman,Sinitic,China
Shasta [sht],41.83,-122.67,#89248D,Shasta,,USA
Shawnee [sjw],40,-83,#4C257B,Algic,Algonquian,USA
She [shx],23.04,114.93,#BFD799,Hmong-Mien,Hmongic,China
Shekhawati [swv],28.3,74.95,#1CBD41,Indo-European,Indo-Iranian,India
Sheko [she],7,35.5,#418281,Afro-Asiatic,Omotic,Ethiopia
Sherdukpen [sdp],27.2,92.4,#3AB0AB,Kho-Bwa,Sherdukpen-Sartang,India
Sherpa [xsr],27.833,86.833,#4DC7AE,Tibeto-Burman,Bodic,Nepal
Sherpa_Hile [xsr-2],27.675,86.71,#31B7AB,Tibeto-Burman,Bodic,Nepal
Shigatse [bod-6],29.26,88.88,#2DC0A1,Tibeto-Burman,Bodic,China
Shina [scl],36,74,#21AC58,Indo-European,Indo-Iranian,Pakistan
Shipibo [shp],-7,-75,#41798D,Panoan,Main,Peru
Shona [sna],-18,31,#B6675F,Niger-Kongo,Bantoid,Zimbabwe
Shoshone [shh],41,-115.5,#48608D,Uto-Aztecan,North,USA
Shuswap [shs],52,-120,#82444C,Salish,Interior,Canada
Siane [snp],-6.05,145.25,#4152A1,Trans New Guinea,Gorokan,Papua New Guinea
Siberian Yupik [ess],65,-175,#3D598F,Eskimo-Aleut,Eskimo,Russia
Sierra Popoluca [poi],18.23,-94.87,#743D80,Totozoquean-Chitimacha,Totozoquean,Mexico
Sika [ski],-8.62,122.22,#CD8596,Malayo-Polynesian,Timoric,Indonesia
Simalur [smr],2.333,96.5,#E0775F,Malayo-Polynesian,Batak-Barrier Islands,Indonesia
Sinaugoro [snc],-9.833,147.917,#A64DA0,Oceanic,Western Oceanic,Papua New Guinea
Sindhi [snd],26,69,#25AE37,Indo-European,Indo-Iranian,Pakistan
Sinhalese [sin],7,81,#33BA63,Indo-European,Indo-Iranian,Sri Lanka
Sirohi [gdx],24.9,72.85,#22B93D,Indo-European,Indo-Iranian,India
Siroi [ssd],-5.5,146,#6A76B6,Trans New Guinea,Madang,Papua New Guinea
Sisiqa [bbq],-7.133,157,#D16B5F,Oceanic,Western Oceanic,Solomons
SiSwati [ssw],-27,32,#A1694C,Niger-Kongo,Bantoid,Swaziland
Siuslaw [sis],44,-124,#706040,Oregon Coast,,USA
Skou [skv],-2.667,140.917,#915EB3,Skou,West,Indonesia
Slave [xsl],60,-120,#8E5397,Dene-Yeniseic,Na-Dene,Canada
Slovene [slv],46,14.5,#52A510,Indo-European,Balto-Slavic,Slovenia
Sm'algyax [tsi],52.5,-129,#956D5D,Tsimshian,,USA
So [teu],2.5,34.75,#956B5F,Nilo-Saharan,East_Sudanic,Uganda
So [xxx-60],17.333,104.333,#EBC19A,Austroasiatic,Bahnaric,Thailand
Sobei [sob],-1.917,138.75,#C46998,Oceanic,Western Oceanic,Indonesia
Soboyo [tlv],-1.83,124.92,#BE8C96,Malayo-Polynesian,Central Maluku,Indonesia
Solega [sle],12.2,76.5,#138085,Dravidian,South,India
Somali [som],7,47,#915874,Afro-Asiatic,Cushitic,Somalia
Soninke [snk],13.25,-14.25,#898A92,Mande,Western,Senegal
Sonsorol [sov],4.5,132.083,#D29168,Oceanic,Micronesian,Palau
Soqotri [sqt],12.5,54,#805D23,Afro-Asiatic,Semitic,Yemen
Sora [srb],20,84.333,#4A6774,Austroasiatic,Munda,India
Sorbian [dsb],52,13.75,#459424,Indo-European,Balto-Slavic,Germany
Sotho_South [sot-2],-30,28,#B15F55,Niger-Kongo,Bantoid,Lesotho
Sougb [mnx],-1.5,134,#9F75A0,East Bird's Head,,Indonesia
Souw Amana Teru [tlu],-3.58,128.3,#AE6789,Malayo-Polynesian,Central Maluku,Indonesia
Spanish [spa],41.65,-4.75,#80860D,Indo-European,Romance,Spain
Spanish_spoken [spa-2],39,-3,#818215,Indo-European,Romance,Spain
Spiti [bod-2],32.75,77.75,#28BF79,Tibeto-Burman,Bodic,India
Squamish [squ],49.67,-123.17,#8B453C,Salish,Central,Canada
Sre [kpm],11.5,108,#F1D984,Austroasiatic,Bahnaric,Vietnam
Stieng [sti],12,107,#DCDD8C,Austroasiatic,Bahnaric,Vietnam
Sudest [tgo],-11.5,153.5,#CE5281,Oceanic,Western Oceanic,Papua New Guinea
Suena [sue],-7.75,147.5,#5B80A0,Trans New Guinea,Binanderean,Papua New Guinea
Sui [swi],26.25,107.5,#DACB95,Tai-Kadai,South,China
Suki [sui],-8,141.83,#407B89,Trans New Guinea,Suki-Gogodala,Papua New Guinea
Sukuma [suk],-3.234,33.516,#B86066,Niger-Kongo,Bantoid,Tanzania
Sula [szn],-2.06,125.98,#D87CB3,Malayo-Polynesian,,Indonesia
Sulka [sua],-5.083,152,#B75D8E,Sulka,,Papua New Guinea
Sumbawa [smw],-8.583,117.5,#E39066,Malayo-Polynesian,Malayo-Sumbawan,Indonesia
Sundanese [sun],-7,107.5,#E8B86F,Malayo-Polynesian,Malayo-Sumbawan,Indonesia
Sunwar [suz],27.6,86.3,#3189A1,Tibeto-Burman,Kiranti,Nepal
Supyire [spp],11.5,-5.58,#9D9B61,Niger-Kongo,Gur,Mali
Surgujia [sgj],23.12,82.9,#18BA51,Indo-European,Indo-Iranian,India
Surin Khmer [kxm],15,103.75,#EBD5A2,Austroasiatic,Khmer,Thailand
Sursurunga [sgz],-4,152.83,#CC6D60,Oceanic,,Papua New Guinea
Swahili [swh],-6.5,39,#B55561,Niger-Kongo,Bantoid,Tanzania
Swedish [swe],60,15,#78B620,Indo-European,Germanic,Sweden
Taba [mky],0.333,127.583,#D17F90,Malayo-Polynesian,Eastern Malayo-Polynesian,Indonesia
Tabar [tbf],-2.8,152,#DA666D,Oceanic,,Papua New Guinea
Tabla [tnm],-2.417,140.333,#4C57A7,Trans New Guinea,Sentani,Indonesia
Tadaksahak [dsq],16.58,2.83,#945D71,Nilo-Saharan,Songhai,Mali
Tafi [tcd],6.8,0.4,#B27A97,Niger-Kongo,Kwa,Ghana
Tagalog [tgl],14.75,121,#B5775E,Malayo-Polynesian,Philippines,Philippines
Tagbanwa_Aborlan [tbw],9,118,#C0786B,Malayo-Polynesian,Philippines,Philippines
Tahitian [tah],-17.667,-149,#BE7873,Oceanic,Central Pacific,French Polynesia
Tai Aiton [aio],26.95,94.67,#DBCAA1,Tai-Kadai,South,India
Tairora [tbg],-6.583,145.917,#3A4D9B,Trans New Guinea,Kainantu,Papua New Guinea
Tairuma [uar],-7.96,145.77,#68A8A3,Trans New Guinea,Eleman,Papua New Guinea
Tajik [tgk],38.667,70,#66A344,Indo-European,Indo-Iranian,Tajikistan
Takelma [tkm],42.5,-123,#5E4084,Takelma,,USA
Takia [tbc],-4.75,146,#B96199,Oceanic,Western Oceanic,Papua New Guinea
Talaud [tld],4,126.67,#C18072,Malayo-Polynesian,Philippines,Indonesia
Talysh [tly],39,48.85,#337F5E,Indo-European,Indo-Iranian,Iran
Tamambo [mla],-15.7,167.2,#BE6274,Oceanic,Southern Oceanic,Vanuatu
Tamang [tge],27.67,85.5,#40C8AD,Tibeto-Burman,Bodic,Nepal
Tamang_Eastern [taj],27.6,85.75,#3AD2AB,Tibeto-Burman,Bodic,Nepal
Tamang_Western [tdg],27.98,85.17,#47D0A5,Tibeto-Burman,Bodic,Nepal
Tamazight [tzm],33,-4,#964E3D,Afro-Asiatic,Berber,Morocco
Tamiang [zlm3],4.27,97.87,#DBAD66,Malayo-Polynesian,Malayo-Sumbawan,Indonesia
Tamil [tam],13,79,#157D6E,Dravidian,South,India
Tamil_Tirunelveli [kev],8.71,77.76,#188A64,Dravidian,South,India
Tanacross [tcb],63.5,-143.5,#893C8E,Dene-Yeniseic,Na-Dene,USA
Tanglapui [tpg],-8.3,125,#A054CE,Timor-Alor-Pantar,Alor-Pantar,Indonesia
Tarahumara [tar],27.5,-107.5,#4C4474,Uto-Aztecan,South,Mexico
Taraon [tro],28.2,96.25,#3BC1A1,Tibeto-Burman,Tani,India
Tariana [tae],0.3,-69.7,#455390,Arawak,North,Brazil
Tashelhiyt [shi],31,-5,#A14944,Afro-Asiatic,Berber,Morocco
Tatana [txx],5.5,115.5,#CF7E60,Malayo-Polynesian,North Borneo,Malaysia
Tatar [tat],56,49.5,#32A565,Turkic,North-west,Russia
Tause [tad],-2.833,137,#A4A5CB,Lakes Plains,Eastern,Indonesia
Tausug [tsg],6,121,#DF7C6E,Malayo-Polynesian,Barito,Philippines
Tauya [tya],-5.75,145.3,#6A71A5,Trans New Guinea,Madang,Papua New Guinea
Tawala [tbo],-10.333,150.5,#B14091,Oceanic,Western Oceanic,Papua New Guinea
Tboli [tbl],6.167,124.5,#D6895E,Malayo-Polynesian,Philippines,Philippines
Tehit Imyan [kps-2],-1.75,132.167,#C265A7,West Papuan,Birds Head,Indonesia
Tehuelche [teh ],-45,-68,#75668E,Chonan,,Argentina
Teiwa [twe],-8.333,124.2,#B269B8,Timor-Alor-Pantar,Alor-Pantar,Indonesia
Telefol [tlf],-4.917,141.75,#4E44A7,Trans New Guinea,Ok,Papua New Guinea
Telugu [tel],16,79.5,#1FAB56,Dravidian,South-central,India
Temiar [tea],4.833,101.333,#C78C78,Austroasiatic,Aslian,Malaysia
Temne [tem],8.67,-13.08,#B28972,Niger-Kongo,Atlantic,Sierra Leone
Tengger [tes],-7.95,112.95,#CC8A65,Malayo-Polynesian,Javanic,Indonesia
Teop [tio],-5.667,155.083,#E0636D,Oceanic,Western Oceanic,Papua New Guinea
Tepehuan_Huehuetla [tee],20.476,-98.09,#8E3B4B,Totozoquean-Chitimacha,Totozoquean,Mexico
Tera [ttr],11,11.83,#C19B75,Afro-Asiatic,Chadic,Nigeria
Terêna [ter],-20,-56,#AD3E83,Arawak,South-Southwest,Brazil
Ternate [tft],0.833,127.333,#D2899A,West Papuan,North Halmahera,Indonesia
Ternate Malay [max],0.786,127.377,#D7B88C,Malayo-Polynesian,Malayo-Sumbawan,Indonesia
Tetun [tet],-9.333,125.083,#D38C87,Malayo-Polynesian,Timoric,Indonesia
Thai [tha],15.583,100.333,#E6DA89,Tai-Kadai,South,Thailand
Thai_Isan [tha-3],16,103,#E2DAA2,Tai-Kadai,South,Thailand
Thai_Northern [nod],18,99,#E6E098,Tai-Kadai,South,Thailand
Thakali [ths],28.75,83.69,#4EC4AB,Tibeto-Burman,Bodic,Nepal
Thangmi [thf],27.75,86,#2DA693,Tibeto-Burman,Western Himalayan,Nepal
Tharrkari [dhr],-23.6,115.7,#44A277,Pama-Nyungan,Pilbara,Australia
Themchen [adx-2],36.6,100.95,#30B599,Tibeto-Burman,Bodic,China
Thulung [tdh],27.6,86.75,#2E7193,Tibeto-Burman,Kiranti,Nepal
Tidore [tvo],0,127.75,#C4738D,West Papuan,North Halmahera,Indonesia
Tifal [tif],-5,141.33,#6332B4,Trans New Guinea,Ok,Papua New Guinea
Tigak [tgc],-2.75,150.917,#DE7482,Oceanic,Western Oceanic,Papua New Guinea
Tigré [tig],16.5,38.5,#6F4F31,Afro-Asiatic,Semitic,Eritrea
Tigrinya [tir],14.5,38.5,#594F4D,Afro-Asiatic,Semitic,Ethiopia
Timugon [tih],5,116,#CB9552,Malayo-Polynesian,North Borneo,Malaysia
Tiri [cir],-21.667,165.75,#C19354,Oceanic,Southern Oceanic,New Caledonia
Tiwa [lax],26.5,92.5,#49AEB4,Tibeto-Burman,Bodo-Garo,India
Tiwi [tiw],-11.5,131,#A35961,Tiwi,,Australia
Tlingit [tli],57,-133,#5B4E7E,Dene-Yeniseic,Na-Dene,USA
Toba_Batak [bbc],2.5,99.5,#DB805D,Malayo-Polynesian,Batak-Barrier Islands,Indonesia
Tobati [tti],-2.583,140.867,#8A5DAF,Oceanic,Western Oceanic,Indonesia
Tobelo [tlb],0.75,127.75,#BA5AA8,West Papuan,North Halmahera,Indonesia
Tokelauan [tkl],-9.15,-171.78,#B58E80,Oceanic,Central Pacific,Tokelau
Tol [jic],14.75,-85,#686777,Jicaque,,Honduras
Tolaki [lbw],-4,122.25,#C15A61,Malayo-Polynesian,Celebic,Indonesia
Tondano [tdn],1.25,125,#DC945B,Malayo-Polynesian,Philippines,Indonesia
Tonga [toi],-17,27,#BD5764,Niger-Kongo,Bantoid,Zambia
Tongan [ton],-21.167,-175.25,#C39D79,Oceanic,Central Pacific,Tonga
Tonkawa [tqw],30,-95,#4F5194,Tonkawa,,USA
Toqabaqita [mlu],-8.333,160.667,#DB3F95,Oceanic,Southeast Solomonic,Solomons
Toratan [rth],1.083,124.833,#BC916B,Malayo-Polynesian,Philippines,Indonesia
Torwali [trw],34.25,72,#1DAF4A,Indo-European,Indo-Iranian,Pakistan
Touo [tqu],-8.667,157.5,#725B80,Touo,,Solomons
Trumai [tpy],-13.5,-53,#668D89,Trumai,,Brazil
Tsat [huq],18.25,109.5,#CFD697,Malayo-Polynesian,Malayo-Sumbawan,China
Tshangla [tsj],27.07,92,#37C2B6,Tibeto-Burman,Bodic,Bhutan
Tsova-Tush [bbl],42.5,45.5,#3F686F,Kartvelian,Georgian,Russia
Tsuken [xug],26.55,127.94,#3B939F,Japonic,Ryukyuan,Japan
Tsum [ttz],28.51,85.08,#30B4A8,Tibeto-Burman,Bodic,Nepal
Tübatulabal [tub],36,-118.33,#4F6B7C,Uto-Aztecan,North,USA
Tubu [tuq],21,17,#5F5973,Nilo-Saharan,Saharan,Chad
Tugun [tzn],-7.833,126.667,#D96F9B,Malayo-Polynesian,Timoric,Indonesia
Tujia [tji],27.5,109,#96C6BD,Tibeto-Burman,Tujia,China
Tukang_Besi [khc],-5.5,123.667,#D17962,Malayo-Polynesian,Celebic,Indonesia
Tulu [tcy],12.75,75.333,#20AC69,Dravidian,South,India
Tümpisa [par],37,-117,#4E6783,Uto-Aztecan,North,USA
Tunica [tun],32.67,-91,#673F96,Tunica,,USA
Turkana [tuv],3,35,#AA6A87,Nilo-Saharan,Nilotic,Kenya
Turkish [tur],40,30,#269253,Turkic,South-west,Turkey
Turkish_Crimean [crh],45,34.083,#259762,Turkic,North-west,Ukraine
Turkmen [tuk],40,58,#248D80,Turkic,South-west,Turkmenistan
Turung [try],27.14,95.75,#8CC4B1,Tibeto-Burman,Jingpho,India
Tuscarora [tus],36,-77.5,#923788,Iroquoian,Northern,USA
Tutsa [tvt],26.9,95.6,#5397B0,Tibeto-Burman,Konyak,India
Tuva [tyv],52,95,#288E76,Turkic,North-east,Russia
Tuvalu [tvl],-10,180,#B29D74,Oceanic,Central Pacific,Tuvalu
Tz'utujil [tzj],14.5,-91.25,#B1463C,Mayan,Quiche-Mam,Guatemala
Tzeltal_Aguacatenango [tzh],16.42,-92.5,#A74241,Mayan,Chol-Tzeltal,Mexico
Tzotzil [tzc],16.7,-92.7,#A64539,Mayan,Chol-Tzeltal,Mexico
U [xxx-61],22.6,101.7,#ECD092,Austroasiatic,Palaungic,China
Uab Meto [aoz],-9.67,124.25,#D47B88,Malayo-Polynesian,Timoric,Indonesia
Ubir [ubr],-9.59,149.4,#AF49A7,Oceanic,Western Oceanic,Papua New Guinea
Udihe [ude],47.667,136.25,#398B6D,Tungusic,North,Russia
Udmurt [udm],56.83,53.19,#429A70,Uralic,Permic,Russia
Uduk [udu],8.2,34.4,#9D947F,Nilo-Saharan,Komuz,Somalia
Ughele [uge],-8.5,157.33,#D7595F,Oceanic,,Solomons
Uighur [uig],40,80,#2B8B6E,Turkic,South-east,China
Ukrainian [ukr],50,32,#549D19,Indo-European,Balto-Slavic,Ukraine
Uma [ppk],-1.75,119.917,#E1666F,Malayo-Polynesian,Celebic,Indonesia
UMbundu [umb],-11.5,15,#B25D67,Niger-Kongo,Bantoid,Angola
Una [mtg],-4.667,140,#5F61A8,Trans New Guinea,Mek,Indonesia
Ura [ryn],28.415,129.59,#3996A7,Japonic,Ryukyuan,Japan
Uradhi [urf],-12,142.25,#57A389,Pama-Nyungan,North Cape York,Australia
Urak_Lawoi [urk],7.25,99.25,#E8CF93,Malayo-Polynesian,Malayo-Sumbawan,Thailand
Urdu [urd],29,71,#43AD25,Indo-European,Indo-Iranian,Pakistan
Urim [uri],-3.67,142.67,#E3859E,Torricelli,Urim,Papua New Guinea
Uruangnirin [urn],-3.5,132.833,#B068A6,Malayo-Polynesian,North Bomberai,Indonesia
Urubu-Kaapor [urb],-2,-47,#7F5E9E,Tupi,Tupi-Guarani,Brazil
Usan [wnu],-4.833,145.333,#8B3EA2,Trans New Guinea,Madang,Papua New Guinea
Usarufa [usa],-6.5,146.083,#2E4BA0,Trans New Guinea,Kainantu,Papua New Guinea
Ute [ute],39,-109,#4E5180,Uto-Aztecan,North,USA
Uzbek [uzn],39,66,#308756,Turkic,South-east,Uzbekistan
V'ënen_Taut [nmb],-16.083,167.25,#C04E99,Oceanic,Southern Oceanic,Vanuatu
Vai [vai],7.3,-10.55,#A09199,Mande,Western,Liberia
Valman [van],-3.25,142.5,#B85F87,Torricelli,Wapei,Papua New Guinea
Vano [vnk],-11.667,166.75,#D18A88,Oceanic,TeMotu,Solomons
Varli [vav],20,73.79,#20AA65,Indo-European,Indo-Iranian,India
Venda [ven],-23.5,30,#AA614F,Niger-Kongo,Bantoid,South Africa
Vietnamese_Hanoi [vie],21.03,105.85,#E9D990,Austroasiatic,Vietic,Vietnam
Wa [wbm],22.5,99,#D5C496,Austroasiatic,Palaungic,China
Wagdi [wbr],23.84,73.72,#27B947,Indo-European,Indo-Iranian,India
Wahgi [wgi],-6.667,145.583,#656FA4,Trans New Guinea,Chimbu,Papua New Guinea
Waigali [wbk],35.2,70.99,#229551,Indo-European,Indo-Iranian,Afghanistan
Waima [rro-2],-8.67,146.54,#B55BBB,Oceanic,Western Oceanic,Papua New Guinea
Waima'a [wmh],-8.5,126.33,#D7C4A2,Malayo-Polynesian,Timoric,Timor leste
Wakhi [wbl],36.5,72,#2AAA42,Indo-European,Indo-Iranian,Pakistan
Walapai [yuf],35.5,-113.75,#434F8E,Yuman-Cochimi,Yuman,USA
Walmatjarri [wmt],-20.516,127.461,#3F576E,Pama-Nyungan,,Australia
Wambaya [wmb],-18.667,135.75,#6B5F67,Mirndi,Barkly,Australia
Wambon [wms],-5.5,140.5,#4F76A9,Trans New Guinea,Awyu-Dumut,Indonesia
Wambule [wme],27.12,86.45,#41879D,Tibeto-Burman,Kiranti,Nepal
Wandamen [wad],-2.67,134.25,#C462A0,Malayo-Polynesian,Eastern Malayo-Polynesian,Indonesia
Wangkajunga [mpj-4],-19,126,#466481,Pama-Nyungan,,Australia
Wano [wno],-3.5,137.5,#623ED1,Trans New Guinea,Dani,Indonesia
Waorani [auc],-1,-76.5,#65799A,Waorani,,Ecuador
Wappo [wao],38.5,-122.5,#53738F,Wappo-Yukian,,USA
Warao [wba],9,-62,#4B5D87,Warao,,Venezuela
Waray-Waray [war],12,125,#B3725B,Malayo-Polynesian,Philippines,Philippines
Wardaman [wrr],-15.5,131,#63567B,Yangman,,Australia
Warekena [gae],2,-65,#78526B,Arawak,North,Venezuela
Warembori [wsa],-1.65,137.6,#BE64B4,Malayo-Polynesian,Eastern Malayo-Polynesian,Indonesia
Wari' [pav],-11.5,-65,#D55972,Chapacura,,Brazil
Warlpiri [wbp],-20,132.333,#4D696B,Pama-Nyungan,Ngumbin-Yapa,Australia
Warndarang [wnd],-14.417,135.583,#614888,Mara-Warndarang-Alawa,,Australia
Waropen [wrp],-2.333,136.667,#B946A7,Malayo-Polynesian,Eastern Malayo-Polynesian,Indonesia
Warrgamay [wgy],-18.583,146.167,#4C8F7C,Pama-Nyungan,Dyirbalic,Australia
Warrnambool [xxx-31],-38.25,142.5,#607E67,Pama-Nyungan,Kulin,Australia
Warumungu [wrm],-19.6,134.2,#5C987F,Pama-Nyungan,,Australia
Washkuk [kmo],-4.083,142.667,#62928C,Sepik,Nukuma,Papua New Guinea
Washo [was],39.25,-120,#535B96,Washo,,USA
Waskia [wsk],-4.583,145.917,#73759E,Trans New Guinea,Madang,Papua New Guinea
Wathawurrung [xxx-32],-37.5,144,#5D6C7F,Pama-Nyungan,Kulin,Australia
Watjarri [wbv],-29,117.25,#5D8E80,Pama-Nyungan,Kardu,Australia
Wayana [way],1.217,-54.657,#4F1EA2,Cariban,Guianan,Brazil
Welsh [cym],52.3,-4,#918025,Indo-European,Celtic,Britain
Wembawemba [xxx-33],-36,142,#536C62,Pama-Nyungan,Kulin,Australia
West Makian [mqs],0.333,127.417,#CF6597,West Papuan,Birds Head,Indonesia
Wichí [mzh],-22.5,-62.583,#A1436B,Matacoan,Mataco,Argentina
Wichita [wic],33.33,-97.33,#8B387A,Caddoan,Northern,USA
Wik Mungkan [wim],-13.667,141.833,#589F94,Pama-Nyungan,North Cape York,Australia
Wik Ngathana [wig],-13.917,141.5,#52B49C,Pama-Nyungan,North Cape York,Australia
Winnebago [win],43,-89,#A940A9,Siouan,Western,USA
Wintu [wit-2],41,-122.5,#535585,Wintuan,,USA
Wirangu [wiw],-32,134,#4F8892,Pama-Nyungan,Wirangu,Australia
Woleaian [woe],7.333,143.833,#DD8079,Oceanic,Micronesian,USA Federated States of Micronesia
Wolio [wlo],-5.5,122.75,#D46066,Malayo-Polynesian,Celebic,Indonesia
Wolof [wol],15.25,-16.5,#D37456,Niger-Kongo,Atlantic,Senegal
Womo [xxx-34],-2.917,141.833,#8D5CB1,Skou,Central,Papua New Guinea
Wooi [wbw],-1.72,135.47,#BA5E8E,Malayo-Polynesian,Eastern Malayo-Polynesian,Indonesia
Worora [unp],-15.667,124.667,#60339C,Wororan,,Australia
Wotu [wtw],-2.56,120.76,#DF6568,Malayo-Polynesian,Celebic,Indonesia
Wulguru [xxx-35],-19.25,146.5,#497E6C,Pama-Nyungan,GreaterMari,Australia
Wutun [wuh],35.9,102.5,#4EBAAC,Tibeto-Burman,Sinitic,China
Wutung [wut],-2.667,141.167,#967A9C,Skou,West,Papua New Guinea
Wuvulu [wuv],-1.72,142.833,#BE555F,Oceanic,Admiralties,Papua New Guinea
Wyandot [wya],48.861,-71.357,#811C98,Iroquoian,Northern,Canada
Xhosa [xho],-33,28,#9F6957,Niger-Kongo,Bantoid,South Africa
Xokleng [xok],-24.3,-50,#707B94,Macro-Je,Je,Brazil
Xuwen [nan-7],20.35,110.2,#B7E28D,Tibeto-Burman,Sinitic,China
Yabem [jae],-6.75,147.833,#A061AE,Oceanic,Western Oceanic,Papua New Guinea
Yadë [nce],-3.833,141.333,#5856B1,Yale,,Papua New Guinea
Yagaria [ygr-2],-6.417,145.417,#465496,Trans New Guinea,Gorokan,Papua New Guinea
Yagua [yad],-3.5,-72,#935672,Yagua,,Peru
Yakkha [ybh],27.2,87.25,#3673A3,Tibeto-Burman,Kiranti,Nepal
Yakut [sah],62,130,#2A897D,Turkic,North-east,Russia
Yala [yba],6.4,8.4,#D0949B,Niger-Kongo,Idomoid,Nigeria
Yamphu [ybi],27.4,87.1,#347D98,Tibeto-Burman,Kiranti,Nepal
Yankuntjatjara [kdd],-27.5,132,#487193,Pama-Nyungan,Western Desert,Australia
Yanyuwa [jao],-15.833,136,#556970,Pama-Nyungan,Ngarna,Australia
Yao [yao],-11.45,34,#C95D5F,Niger-Kongo,Bantoid,Malawi
Yap [yap],9.53,138.1,#C36355,Oceanic,Yap,Yap
Yaqay [jaq],-6.583,139.333,#6E46A6,Marind,,Indonesia
Yaqui_Arizona [yaq],31.67,-111.25,#67726C,Uto-Aztecan,South,USA
Yareba [yrb],-9.5,148.583,#4360B9,Trans New Guinea,Southeast,Papua New Guinea
Yarik [erw],-2.7,132.6,#B977AE,Malayo-Polynesian,Eastern Malayo-Polynesian,Indonesia
Yawa [yva],-1.75,136.25,#8D52AA,West Papuan,Yapen,Indonesia
Yawelmani [yok-2],35.3,-118.65,#628A58,Yok-Utian,Yokuts,USA
Yawuru [ywr],-18,122.5,#634E67,Nyulnyul,East,Australia
Yaygir [xxx-36],-29.667,153,#499D88,Pama-Nyungan,Central-East,Australia
Yeletnye [yle],-11,154,#5B3CA2,Yeletnye,,Papua New Guinea
Yelmek [jel],-7.667,139.75,#47977F,Bulaka,,Indonesia
Yessan-Mayo [yss],-4.083,142.583,#478C89,Sepik,Tama,Papua New Guinea
Yeyi [yey],-20,23.5,#B46269,Niger-Kongo,Bantoid,Botswana
Yidiny [yii],-17.917,146.09,#4F9182,Pama-Nyungan,Yidinic,Australia
Yimas [yee],-4.75,143.583,#5B4874,Lower Sepik-Ramu,Lower Sepik,Papua New Guinea
Yindjibarndi [yij],-21.5,117,#4E9B6B,Pama-Nyungan,Pilbara,Australia
Yingkarta [yia],-24.7,114.5,#4F8C64,Pama-Nyungan,Kardu,Australia
Yir Yoront [yiy],-14.333,142.25,#509286,Pama-Nyungan,West Cape York,Australia
Yohlmo [scp],27.85,85.6,#2AC1A6,Tibeto-Burman,Bodic,Nepal
Yokuts_Northern Foothill [yok],36.58,-119.08,#599365,Yok-Utian,Yokuts,USA
Yoruba [yor],8,4.33,#CF9D83,Niger-Kongo,Yoruba,Nigeria
Yuchi [yuc],35.75,-86.75,#7F3FB7,Yuchi,,USA
Yugur [ybe],40.988,98.025,#34A27D,Turkic,South-east,China
Yukaghir [ykg],65.75,150.833,#3B817D,Yukaghir,,Russia
Yuki [yuk],39.67,-123.5,#4A7485,Wappo-Yukian,,USA
Yukulta [gcd],-17.333,138.833,#476C61,Tangkic,,Australia
Yunnan_Kunming [smm],24,102,#A7D581,Tibeto-Burman,Sinitic,China
Yup'ik_Central Alaskan [esu],59.5,-160,#3B537F,Eskimo-Aleut,Eskimo,USA
Yuracaré [yuz],-16.5,-65,#653C70,Yurakare,,Bolivia
Yurok [yur],41.33,-124,#7F5F57,Algic,Yurok,USA
Yuwaalaraay [kld],-29.5,148,#499676,Pama-Nyungan,Central New South Wales,Australia
Zaiwa [atb],24.5,98.5,#7F90C1,Tibeto-Burman,Lolo-Burmese,China
Zapotec [zai],16.5,-95,#D14E60,Otomanguean,Zapotecan,Mexico
Zhuang [zyn],23.6,108.3,#DDC993,Tai-Kadai,South,China
Zimakani [zik],-7.333,141.5,#784F9F,Marind,,Papua New Guinea
Zulu [zul],-30,30,#AB5C66,Niger-Kongo,Bantoid,South Africa
Zuni [zun],35.08,-108.83,#5B7573,Zuni,,USA
